compound,date,best_usd_per_mg,vendor
5-Amino-1MQ,2026-06-02,1.299,puratek
5-Amino-1MQ,2026-06-03,0.7478,fusion
5-Amino-1MQ,2026-06-05,0.374,fusion
5-Amino-1MQ,2026-06-08,0.374,fusion
5-Amino-1MQ,2026-06-09,0.374,fusion
5-Amino-1MQ,2026-06-10,0.374,fusion
5-Amino-1MQ,2026-06-11,0.374,fusion
5-Amino-1MQ,2026-06-12,0.0269,hydro
5-Amino-1MQ,2026-06-15,0.0269,hydro
5-Amino-1MQ,2026-06-16,0.0269,hydro
5-Amino-1MQ,2026-06-17,0.0269,hydro
5-Amino-1MQ,2026-06-18,0.0269,hydro
5-Amino-1MQ,2026-06-19,0.0269,hydro
5-Amino-1MQ,2026-06-20,0.0269,hydro
5-Amino-1MQ,2026-06-21,0.0269,hydro
5-Amino-1MQ,2026-06-22,0.0269,hydro
5-Amino-1MQ,2026-06-23,0.0269,hydro
5-Amino-1MQ,2026-06-24,0.0269,hydro
5-Amino-1MQ,2026-06-25,0.0269,hydro
5-Amino-1MQ,2026-06-26,0.0269,hydro
5-Amino-1MQ,2026-07-06,0.0269,hydro
5-Amino-1MQ,2026-07-09,0.0269,hydro
5-Amino-1MQ,2026-07-10,0.0269,hydro
5-Amino-1MQ,2026-07-11,0.0269,hydro
5-Amino-1MQ,2026-07-12,0.0269,hydro
5-Amino-1MQ,2026-07-13,0.0269,hydro
5-Amino-1MQ,2026-07-14,0.0269,hydro
5-Amino-1MQ,2026-07-15,0.0269,hydro
5-Amino-1MQ,2026-07-16,0.0269,hydro
5-Amino-1MQ,2026-07-19,0.0269,hydro
5-Amino-1MQ,2026-07-20,0.0269,hydro
5-Amino-1MQ,2026-07-23,0.0269,hydro
5-Amino-1MQ,2026-07-24,0.0269,hydro
5-Amino-1MQ,2026-07-25,0.0269,hydro
5-Amino-1MQ,2026-07-26,0.0269,hydro
5-Amino-1MQ,2026-07-27,0.0269,hydro
5-Amino-1MQ,2026-07-28,0.0269,hydro
5-Amino-1MQ,2026-07-29,0.0269,hydro
5-Amino-1MQ,2026-07-30,0.0269,hydro
5-Amino-1MQ,2026-07-31,0.0269,hydro
5-Amino-1MQ,2026-08-01,0.0269,hydro
5-Amino-1MQ,2026-08-02,0.0269,hydro
5-Amino-1MQ,2026-08-03,0.0269,hydro
5-Amino-1MQ,2026-08-04,0.0269,hydro
5-Amino-1MQ,2026-08-05,0.0269,hydro
5-Amino-1MQ,2026-08-06,0.0269,hydro
5-Amino-1MQ,2026-08-07,0.0269,hydro
5-Amino-1MQ,2026-08-08,0.0269,hydro
5-Amino-1MQ,2026-08-09,0.0269,hydro
5-Amino-1MQ,2026-08-10,0.0269,hydro
5-Amino-1MQ,2026-08-11,0.0269,hydro
5-Amino-1MQ,2026-08-12,0.0269,hydro
5-Amino-1MQ,2026-08-13,0.0269,hydro
5-Amino-1MQ,2026-09-07,0.0269,hydro
5-Amino-1MQ,2026-09-08,0.0269,hydro
5-Amino-1MQ,2026-09-11,0.0269,hydro
5-Amino-1MQ,2026-09-12,0.0269,hydro
5-Amino-1MQ,2026-09-13,0.0269,hydro
5-Amino-1MQ,2026-09-14,0.0269,hydro
5-Amino-1MQ,2026-09-15,0.0269,hydro
5-Amino-1MQ,2026-09-16,0.0269,hydro
5-Amino-1MQ,2026-09-17,0.0269,hydro
5-Amino-1MQ,2026-09-18,0.0269,hydro
5-Amino-1MQ,2026-09-19,0.0269,hydro
5-Amino-1MQ,2026-09-20,0.0269,hydro
5-Amino-1MQ,2026-09-21,0.0269,hydro
5-Amino-1MQ,2026-09-22,0.0269,hydro
5-Amino-1MQ,2026-09-23,0.0269,hydro
5-Amino-1MQ,2026-09-24,0.0269,hydro
AHK-Cu,2026-06-02,0.7905,ion
AHK-Cu,2026-06-03,0.7905,ion
AHK-Cu,2026-06-05,0.7905,ion
AHK-Cu,2026-06-08,0.7905,ion
AHK-Cu,2026-06-09,0.7905,ion
AHK-Cu,2026-06-10,0.7905,ion
AHK-Cu,2026-06-11,0.7905,ion
AHK-Cu,2026-06-12,0.7905,ion
AHK-Cu,2026-06-15,0.7905,ion
AHK-Cu,2026-06-16,0.7905,ion
AHK-Cu,2026-06-17,0.7905,ion
AHK-Cu,2026-06-18,0.7905,ion
AHK-Cu,2026-06-19,0.7905,ion
AHK-Cu,2026-06-20,0.7905,ion
AHK-Cu,2026-06-21,0.7905,ion
AHK-Cu,2026-06-22,0.7905,ion
AHK-Cu,2026-06-23,0.7905,ion
AHK-Cu,2026-06-24,0.7905,ion
AHK-Cu,2026-06-25,0.3959,certapeptides
AHK-Cu,2026-06-26,0.3959,certapeptides
AHK-Cu,2026-07-06,0.3959,certapeptides
AHK-Cu,2026-07-09,0.3959,certapeptides
AHK-Cu,2026-07-10,0.3959,certapeptides
AHK-Cu,2026-07-11,0.3959,certapeptides
AHK-Cu,2026-07-12,0.3959,certapeptides
AHK-Cu,2026-07-13,0.3959,certapeptides
AHK-Cu,2026-07-14,0.3959,certapeptides
AHK-Cu,2026-07-15,0.3959,certapeptides
AHK-Cu,2026-07-16,0.3959,certapeptides
AHK-Cu,2026-07-19,0.3959,certapeptides
AHK-Cu,2026-07-20,0.3959,certapeptides
AHK-Cu,2026-07-23,0.3959,certapeptides
AHK-Cu,2026-07-24,0.3959,certapeptides
AHK-Cu,2026-07-25,0.3959,certapeptides
AHK-Cu,2026-07-26,0.3959,certapeptides
AHK-Cu,2026-07-27,0.3959,certapeptides
AHK-Cu,2026-07-28,0.3959,certapeptides
AHK-Cu,2026-07-29,0.3959,certapeptides
AHK-Cu,2026-07-30,0.3959,certapeptides
AHK-Cu,2026-07-31,0.3959,certapeptides
AHK-Cu,2026-08-01,0.3959,certapeptides
AHK-Cu,2026-08-02,0.3959,certapeptides
AHK-Cu,2026-08-03,0.3959,certapeptides
AHK-Cu,2026-08-04,0.3959,certapeptides
AHK-Cu,2026-08-05,0.3959,certapeptides
AHK-Cu,2026-08-06,0.3959,certapeptides
AHK-Cu,2026-08-07,0.3959,certapeptides
AHK-Cu,2026-08-08,0.3959,certapeptides
AHK-Cu,2026-08-09,0.3959,certapeptides
AHK-Cu,2026-08-10,0.3959,certapeptides
AHK-Cu,2026-08-11,0.3959,certapeptides
AHK-Cu,2026-08-12,0.3959,certapeptides
AHK-Cu,2026-08-13,0.3959,certapeptides
AHK-Cu,2026-09-07,0.3959,certapeptides
AHK-Cu,2026-09-08,0.3959,certapeptides
AHK-Cu,2026-09-11,0.3959,certapeptides
AHK-Cu,2026-09-12,0.3959,certapeptides
AHK-Cu,2026-09-13,0.3959,certapeptides
AHK-Cu,2026-09-14,0.3959,certapeptides
AHK-Cu,2026-09-15,0.3959,certapeptides
AHK-Cu,2026-09-16,0.3959,certapeptides
AHK-Cu,2026-09-17,0.3959,certapeptides
AHK-Cu,2026-09-18,0.3959,certapeptides
AHK-Cu,2026-09-19,0.3959,certapeptides
AHK-Cu,2026-09-20,0.3959,certapeptides
AHK-Cu,2026-09-21,0.3959,certapeptides
AHK-Cu,2026-09-22,0.3959,certapeptides
AHK-Cu,2026-09-23,0.3959,certapeptides
AHK-Cu,2026-09-24,0.3959,certapeptides
AICAR,2026-07-13,1.0192,platinum
AICAR,2026-07-14,1.003,platinum
AICAR,2026-07-15,1.003,platinum
AICAR,2026-07-16,1.003,platinum
AICAR,2026-07-19,1.003,platinum
AICAR,2026-07-20,1.003,platinum
AICAR,2026-07-23,1.003,platinum
AICAR,2026-07-24,1.003,platinum
AICAR,2026-07-25,1.003,platinum
AICAR,2026-07-26,1.003,platinum
AICAR,2026-07-27,1.003,platinum
AICAR,2026-07-28,1.003,platinum
AICAR,2026-07-29,1.003,platinum
AICAR,2026-07-30,1.003,platinum
AICAR,2026-07-31,1.003,platinum
AICAR,2026-08-01,1.003,platinum
AICAR,2026-08-02,0.7176,glowlab
AICAR,2026-08-03,0.7176,glowlab
AICAR,2026-08-04,1.003,platinum
AICAR,2026-08-05,0.7176,glowlab
AICAR,2026-08-06,0.7176,glowlab
AICAR,2026-08-07,0.7176,glowlab
AICAR,2026-08-08,0.7176,glowlab
AICAR,2026-08-09,0.7176,glowlab
AICAR,2026-08-10,0.7176,glowlab
AICAR,2026-08-11,0.7176,glowlab
AICAR,2026-08-12,0.7176,glowlab
AICAR,2026-08-13,0.7176,glowlab
AICAR,2026-09-07,0.7176,glowlab
AICAR,2026-09-08,0.7176,glowlab
AICAR,2026-09-11,0.5658,glowlab
AICAR,2026-09-12,0.5658,glowlab
AICAR,2026-09-13,0.5658,glowlab
AICAR,2026-09-14,0.5658,glowlab
AICAR,2026-09-15,0.5658,glowlab
AICAR,2026-09-16,0.5658,glowlab
AICAR,2026-09-17,0.5658,glowlab
AICAR,2026-09-18,0.5658,glowlab
AICAR,2026-09-19,0.5658,glowlab
AICAR,2026-09-20,0.5658,glowlab
AICAR,2026-09-21,0.5658,glowlab
AICAR,2026-09-22,0.5658,glowlab
AICAR,2026-09-23,0.5658,glowlab
AICAR,2026-09-24,0.5658,glowlab
AOD-9604,2026-06-01,4.4991,lapeptides
AOD-9604,2026-06-02,4.4991,lapeptides
AOD-9604,2026-06-03,4.4991,lapeptides
AOD-9604,2026-06-05,4.4991,lapeptides
AOD-9604,2026-06-08,4.4991,lapeptides
AOD-9604,2026-06-09,4.4991,lapeptides
AOD-9604,2026-06-10,4.4991,lapeptides
AOD-9604,2026-06-11,4.4991,lapeptides
AOD-9604,2026-06-12,4.4991,lapeptides
AOD-9604,2026-06-15,4.4991,lapeptides
AOD-9604,2026-06-16,4.4991,lapeptides
AOD-9604,2026-06-17,4.4991,lapeptides
AOD-9604,2026-06-18,4.4991,lapeptides
AOD-9604,2026-06-19,4.4991,lapeptides
AOD-9604,2026-06-20,4.4991,lapeptides
AOD-9604,2026-06-21,4.4991,lapeptides
AOD-9604,2026-06-22,4.4991,lapeptides
AOD-9604,2026-06-23,4.4991,lapeptides
AOD-9604,2026-06-24,4.4991,lapeptides
AOD-9604,2026-06-25,4.4991,lapeptides
AOD-9604,2026-06-26,4.4991,lapeptides
AOD-9604,2026-07-06,4.4991,lapeptides
AOD-9604,2026-07-09,4.4991,lapeptides
AOD-9604,2026-07-10,4.4991,lapeptides
AOD-9604,2026-07-11,4.4991,lapeptides
AOD-9604,2026-07-12,4.4991,lapeptides
AOD-9604,2026-07-13,4.4991,lapeptides
AOD-9604,2026-07-14,4.4991,lapeptides
AOD-9604,2026-07-15,4.4991,lapeptides
AOD-9604,2026-07-16,4.4991,lapeptides
AOD-9604,2026-07-19,4.4991,lapeptides
AOD-9604,2026-07-20,4.4991,lapeptides
AOD-9604,2026-07-23,4.4991,lapeptides
AOD-9604,2026-07-24,4.4991,lapeptides
AOD-9604,2026-07-25,4.4991,lapeptides
AOD-9604,2026-07-26,4.4991,lapeptides
AOD-9604,2026-07-27,4.4991,lapeptides
AOD-9604,2026-07-28,4.4991,lapeptides
AOD-9604,2026-07-29,4.4991,lapeptides
AOD-9604,2026-07-30,4.4991,lapeptides
AOD-9604,2026-07-31,4.4991,lapeptides
AOD-9604,2026-08-01,4.4991,lapeptides
AOD-9604,2026-08-02,4.4991,lapeptides
AOD-9604,2026-08-03,4.4991,lapeptides
AOD-9604,2026-08-04,4.4991,lapeptides
AOD-9604,2026-08-05,4.4991,lapeptides
AOD-9604,2026-08-06,4.4991,lapeptides
AOD-9604,2026-08-07,4.4991,lapeptides
AOD-9604,2026-08-08,4.4991,lapeptides
AOD-9604,2026-08-09,4.4991,lapeptides
AOD-9604,2026-08-10,4.4991,lapeptides
AOD-9604,2026-08-11,4.4991,lapeptides
AOD-9604,2026-08-12,4.4991,lapeptides
AOD-9604,2026-08-13,4.4991,lapeptides
AOD-9604,2026-09-07,4.4991,lapeptides
AOD-9604,2026-09-08,4.4991,lapeptides
AOD-9604,2026-09-11,3.0,swisschems
AOD-9604,2026-09-12,3.0,swisschems
AOD-9604,2026-09-13,3.0,swisschems
AOD-9604,2026-09-14,3.0,swisschems
AOD-9604,2026-09-15,3.0,swisschems
AOD-9604,2026-09-16,3.0,swisschems
AOD-9604,2026-09-17,3.0,swisschems
AOD-9604,2026-09-18,3.0,swisschems
AOD-9604,2026-09-19,3.0,swisschems
AOD-9604,2026-09-20,3.0,swisschems
AOD-9604,2026-09-21,3.0,swisschems
AOD-9604,2026-09-22,3.0,swisschems
AOD-9604,2026-09-23,3.0,swisschems
AOD-9604,2026-09-24,3.0,swisschems
ARA-290,2026-06-01,3.9369,lapeptides
ARA-290,2026-06-02,3.9369,lapeptides
ARA-290,2026-06-03,3.9369,lapeptides
ARA-290,2026-06-05,2.5925,fusion
ARA-290,2026-06-08,2.5925,fusion
ARA-290,2026-06-09,2.5925,fusion
ARA-290,2026-06-10,2.5925,fusion
ARA-290,2026-06-11,2.5925,fusion
ARA-290,2026-06-12,2.5925,fusion
ARA-290,2026-06-15,2.5925,fusion
ARA-290,2026-06-16,2.5925,fusion
ARA-290,2026-06-17,2.5925,fusion
ARA-290,2026-06-18,2.5925,fusion
ARA-290,2026-06-19,2.5925,fusion
ARA-290,2026-06-20,2.5925,fusion
ARA-290,2026-06-21,2.5925,fusion
ARA-290,2026-06-22,2.5925,fusion
ARA-290,2026-06-23,2.5925,fusion
ARA-290,2026-06-24,2.5925,fusion
ARA-290,2026-06-25,2.5925,fusion
ARA-290,2026-06-26,2.5925,fusion
ARA-290,2026-07-06,2.5925,fusion
ARA-290,2026-07-09,3.43,glowaminos
ARA-290,2026-07-10,3.43,glowaminos
ARA-290,2026-07-11,3.43,glowaminos
ARA-290,2026-07-12,3.43,glowaminos
ARA-290,2026-07-13,3.43,glowaminos
ARA-290,2026-07-14,3.43,glowaminos
ARA-290,2026-07-15,3.43,glowaminos
ARA-290,2026-07-16,3.43,glowaminos
ARA-290,2026-07-19,3.43,glowaminos
ARA-290,2026-07-20,3.43,glowaminos
ARA-290,2026-07-23,3.2,ascension
ARA-290,2026-07-24,3.2,ascension
ARA-290,2026-07-25,3.2,ascension
ARA-290,2026-07-26,3.2,ascension
ARA-290,2026-07-27,3.2,ascension
ARA-290,2026-07-28,3.2,ascension
ARA-290,2026-07-29,3.2,ascension
ARA-290,2026-07-30,3.2,ascension
ARA-290,2026-07-31,3.2,ascension
ARA-290,2026-08-01,3.2,ascension
ARA-290,2026-08-02,3.2,ascension
ARA-290,2026-08-03,3.2,ascension
ARA-290,2026-08-04,3.2,ascension
ARA-290,2026-08-05,2.401,glowaminos
ARA-290,2026-08-06,2.401,glowaminos
ARA-290,2026-08-07,2.401,glowaminos
ARA-290,2026-08-08,2.401,glowaminos
ARA-290,2026-08-09,2.401,glowaminos
ARA-290,2026-08-10,2.401,glowaminos
ARA-290,2026-08-11,2.401,glowaminos
ARA-290,2026-08-12,2.401,glowaminos
ARA-290,2026-08-13,2.401,glowaminos
ARA-290,2026-09-07,2.401,glowaminos
ARA-290,2026-09-08,2.401,glowaminos
ARA-290,2026-09-11,1.3825,atomik
ARA-290,2026-09-12,1.3825,atomik
ARA-290,2026-09-13,1.3825,atomik
ARA-290,2026-09-14,1.3825,atomik
ARA-290,2026-09-15,1.3825,atomik
ARA-290,2026-09-16,1.3825,atomik
ARA-290,2026-09-17,1.3825,atomik
ARA-290,2026-09-18,1.3825,atomik
ARA-290,2026-09-19,1.3825,atomik
ARA-290,2026-09-20,1.3825,atomik
ARA-290,2026-09-21,1.3825,atomik
ARA-290,2026-09-22,1.3825,atomik
ARA-290,2026-09-23,1.3825,atomik
ARA-290,2026-09-24,1.3825,atomik
Acetic Acid,2026-06-20,1.195,swisschems
Acetic Acid,2026-06-21,1.195,swisschems
Acetic Acid,2026-06-22,1.195,swisschems
Acetic Acid,2026-06-23,1.195,swisschems
Acetic Acid,2026-06-24,1.195,swisschems
Acetic Acid,2026-06-25,1.195,swisschems
Acetic Acid,2026-06-26,1.195,swisschems
Acetic Acid,2026-07-06,1.195,swisschems
Acetic Acid,2026-07-09,1.195,swisschems
Acetic Acid,2026-07-10,1.195,swisschems
Acetic Acid,2026-07-11,1.195,swisschems
Acetic Acid,2026-07-12,1.195,swisschems
Acetic Acid,2026-07-13,1.195,swisschems
Acetic Acid,2026-07-14,1.195,swisschems
Acetic Acid,2026-07-15,1.195,swisschems
Acetic Acid,2026-07-16,1.195,swisschems
Acetic Acid,2026-07-19,1.195,swisschems
Acetic Acid,2026-07-20,1.195,swisschems
Acetic Acid,2026-07-23,1.195,swisschems
Acetic Acid,2026-07-24,1.195,swisschems
Acetic Acid,2026-07-25,1.195,swisschems
Acetic Acid,2026-07-26,1.195,swisschems
Acetic Acid,2026-07-27,1.195,swisschems
Acetic Acid,2026-07-28,1.195,swisschems
Acetic Acid,2026-07-29,1.195,swisschems
Acetic Acid,2026-07-30,1.195,swisschems
Acetic Acid,2026-07-31,1.195,swisschems
Acetic Acid,2026-08-01,1.195,swisschems
Acetic Acid,2026-08-02,1.195,swisschems
Acetic Acid,2026-08-03,1.195,swisschems
Acetic Acid,2026-08-04,1.195,swisschems
Acetic Acid,2026-08-05,1.195,swisschems
Acetic Acid,2026-08-06,1.195,swisschems
Acetic Acid,2026-08-07,1.195,swisschems
Acetic Acid,2026-08-08,1.195,swisschems
Acetic Acid,2026-08-09,1.195,swisschems
Acetic Acid,2026-08-10,1.195,swisschems
Acetic Acid,2026-08-11,1.195,swisschems
Acetic Acid,2026-08-12,1.195,swisschems
Acetic Acid,2026-08-13,1.195,swisschems
Acetic Acid,2026-09-07,1.195,swisschems
Acetic Acid,2026-09-08,1.195,swisschems
Acetic Acid,2026-09-11,0.5513,glowlab
Acetic Acid,2026-09-12,0.5513,glowlab
Acetic Acid,2026-09-13,0.5513,glowlab
Acetic Acid,2026-09-14,0.5513,glowlab
Acetic Acid,2026-09-15,0.5513,glowlab
Acetic Acid,2026-09-16,0.5513,glowlab
Acetic Acid,2026-09-17,0.5513,glowlab
Acetic Acid,2026-09-18,0.5513,glowlab
Acetic Acid,2026-09-19,0.5513,glowlab
Acetic Acid,2026-09-20,0.5513,glowlab
Acetic Acid,2026-09-21,0.5513,glowlab
Acetic Acid,2026-09-22,0.5513,glowlab
Acetic Acid,2026-09-23,0.5513,glowlab
Acetic Acid,2026-09-24,0.5513,glowlab
Adamax,2026-06-01,4.165,labsourced
Adamax,2026-06-02,4.165,labsourced
Adamax,2026-06-03,4.165,labsourced
Adamax,2026-06-05,4.165,labsourced
Adamax,2026-06-08,4.165,labsourced
Adamax,2026-06-09,4.165,labsourced
Adamax,2026-06-10,4.165,labsourced
Adamax,2026-06-11,4.165,labsourced
Adamax,2026-06-12,5.865,ion
Adamax,2026-06-15,5.865,ion
Adamax,2026-06-16,5.865,ion
Adamax,2026-06-17,5.865,ion
Adamax,2026-06-18,5.865,ion
Adamax,2026-06-19,5.865,ion
Adamax,2026-06-20,5.865,ion
Adamax,2026-06-21,5.865,ion
Adamax,2026-06-22,5.53,atomik
Adamax,2026-06-23,5.53,atomik
Adamax,2026-06-24,5.53,atomik
Adamax,2026-06-25,5.53,atomik
Adamax,2026-06-26,5.53,atomik
Adamax,2026-07-06,5.53,atomik
Adamax,2026-07-09,5.53,atomik
Adamax,2026-07-10,5.53,atomik
Adamax,2026-07-11,5.53,atomik
Adamax,2026-07-12,5.53,atomik
Adamax,2026-07-13,5.53,atomik
Adamax,2026-07-14,5.53,atomik
Adamax,2026-07-15,5.53,atomik
Adamax,2026-07-16,5.53,atomik
Adamax,2026-07-19,5.53,atomik
Adamax,2026-07-20,5.53,atomik
Adamax,2026-07-23,5.53,atomik
Adamax,2026-07-24,5.53,atomik
Adamax,2026-07-25,5.53,atomik
Adamax,2026-07-26,5.53,atomik
Adamax,2026-07-27,5.53,atomik
Adamax,2026-07-28,5.53,atomik
Adamax,2026-07-29,5.53,atomik
Adamax,2026-07-30,5.53,atomik
Adamax,2026-07-31,5.53,atomik
Adamax,2026-08-01,5.53,atomik
Adamax,2026-08-02,4.0703,glowlab
Adamax,2026-08-03,4.0703,glowlab
Adamax,2026-08-04,4.0703,glowlab
Adamax,2026-08-05,4.0703,glowlab
Adamax,2026-08-06,4.0703,glowlab
Adamax,2026-08-07,4.0703,glowlab
Adamax,2026-08-08,4.0703,glowlab
Adamax,2026-08-09,4.0703,glowlab
Adamax,2026-08-10,4.0703,glowlab
Adamax,2026-08-11,4.0703,glowlab
Adamax,2026-08-12,4.0703,glowlab
Adamax,2026-08-13,4.0703,glowlab
Adamax,2026-09-07,4.0703,glowlab
Adamax,2026-09-08,4.0703,glowlab
Adamax,2026-09-11,3.3744,glacier
Adamax,2026-09-12,3.3744,glacier
Adamax,2026-09-13,3.3744,glacier
Adamax,2026-09-14,3.3744,glacier
Adamax,2026-09-15,3.3744,glacier
Adamax,2026-09-16,3.3744,glacier
Adamax,2026-09-17,3.3744,glacier
Adamax,2026-09-18,3.3744,glacier
Adamax,2026-09-19,3.3744,glacier
Adamax,2026-09-20,3.3744,glacier
Adamax,2026-09-21,3.3744,glacier
Adamax,2026-09-22,3.3744,glacier
Adamax,2026-09-23,3.3744,glacier
Adamax,2026-09-24,3.3744,glacier
BPC-157,2026-06-01,2.465,ion
BPC-157,2026-06-02,2.465,ion
BPC-157,2026-06-03,2.465,ion
BPC-157,2026-06-05,2.465,ion
BPC-157,2026-06-08,2.465,ion
BPC-157,2026-06-09,2.465,ion
BPC-157,2026-06-10,2.465,ion
BPC-157,2026-06-11,2.465,ion
BPC-157,2026-06-12,2.465,ion
BPC-157,2026-06-15,2.465,ion
BPC-157,2026-06-16,2.465,ion
BPC-157,2026-06-17,2.465,ion
BPC-157,2026-06-18,2.465,ion
BPC-157,2026-06-19,2.465,ion
BPC-157,2026-06-20,2.465,ion
BPC-157,2026-06-21,2.465,ion
BPC-157,2026-06-22,2.275,atomik
BPC-157,2026-06-23,2.275,atomik
BPC-157,2026-06-24,2.275,atomik
BPC-157,2026-06-25,2.275,atomik
BPC-157,2026-06-26,2.275,atomik
BPC-157,2026-07-06,2.275,atomik
BPC-157,2026-07-09,2.275,atomik
BPC-157,2026-07-10,2.275,atomik
BPC-157,2026-07-11,2.275,atomik
BPC-157,2026-07-12,2.275,atomik
BPC-157,2026-07-13,1.9541,platinum
BPC-157,2026-07-14,1.938,platinum
BPC-157,2026-07-15,1.938,platinum
BPC-157,2026-07-16,1.938,platinum
BPC-157,2026-07-19,1.938,platinum
BPC-157,2026-07-20,1.938,platinum
BPC-157,2026-07-23,1.938,platinum
BPC-157,2026-07-24,1.938,platinum
BPC-157,2026-07-25,1.734,platinum
BPC-157,2026-07-26,1.734,platinum
BPC-157,2026-07-27,1.734,platinum
BPC-157,2026-07-28,1.734,platinum
BPC-157,2026-07-29,1.734,platinum
BPC-157,2026-07-30,1.734,platinum
BPC-157,2026-07-31,1.938,platinum
BPC-157,2026-08-01,1.938,platinum
BPC-157,2026-08-02,1.938,platinum
BPC-157,2026-08-03,1.938,platinum
BPC-157,2026-08-04,1.683,platinum
BPC-157,2026-08-05,1.683,platinum
BPC-157,2026-08-06,1.683,platinum
BPC-157,2026-08-07,1.683,platinum
BPC-157,2026-08-08,1.683,platinum
BPC-157,2026-08-09,1.683,platinum
BPC-157,2026-08-10,1.683,platinum
BPC-157,2026-08-11,1.683,platinum
BPC-157,2026-08-12,1.683,platinum
BPC-157,2026-08-13,1.683,platinum
BPC-157,2026-09-07,1.683,platinum
BPC-157,2026-09-08,1.683,platinum
BPC-157,2026-09-11,1.683,platinum
BPC-157,2026-09-12,1.683,platinum
BPC-157,2026-09-13,1.683,platinum
BPC-157,2026-09-14,1.683,platinum
BPC-157,2026-09-15,1.683,platinum
BPC-157,2026-09-16,1.683,platinum
BPC-157,2026-09-17,1.683,platinum
BPC-157,2026-09-18,1.683,platinum
BPC-157,2026-09-19,1.683,platinum
BPC-157,2026-09-20,1.683,platinum
BPC-157,2026-09-21,1.683,platinum
BPC-157,2026-09-22,1.683,platinum
BPC-157,2026-09-23,1.683,platinum
BPC-157,2026-09-24,1.683,platinum
BPC-157 + TB-500 Blend,2026-06-01,4.08,ion
BPC-157 + TB-500 Blend,2026-06-02,4.08,ion
BPC-157 + TB-500 Blend,2026-06-03,3.6542,fusion
BPC-157 + TB-500 Blend,2026-06-05,1.8275,fusion
BPC-157 + TB-500 Blend,2026-06-08,1.8275,fusion
BPC-157 + TB-500 Blend,2026-06-09,3.0,ascension
BPC-157 + TB-500 Blend,2026-06-10,2.5975,puratek
BPC-157 + TB-500 Blend,2026-06-11,2.5975,puratek
BPC-157 + TB-500 Blend,2026-06-12,2.5975,puratek
BPC-157 + TB-500 Blend,2026-06-15,2.5975,puratek
BPC-157 + TB-500 Blend,2026-06-16,2.5975,puratek
BPC-157 + TB-500 Blend,2026-06-17,2.5975,puratek
BPC-157 + TB-500 Blend,2026-06-18,2.5975,puratek
BPC-157 + TB-500 Blend,2026-06-19,2.5975,puratek
BPC-157 + TB-500 Blend,2026-06-20,2.5975,puratek
BPC-157 + TB-500 Blend,2026-06-21,2.5975,puratek
BPC-157 + TB-500 Blend,2026-06-22,2.5975,puratek
BPC-157 + TB-500 Blend,2026-06-23,2.5975,puratek
BPC-157 + TB-500 Blend,2026-06-24,2.5975,puratek
BPC-157 + TB-500 Blend,2026-06-25,2.5975,puratek
BPC-157 + TB-500 Blend,2026-06-26,2.5975,puratek
BPC-157 + TB-500 Blend,2026-07-06,2.5975,puratek
BPC-157 + TB-500 Blend,2026-07-09,2.5975,puratek
BPC-157 + TB-500 Blend,2026-07-10,2.5975,puratek
BPC-157 + TB-500 Blend,2026-07-11,2.5975,puratek
BPC-157 + TB-500 Blend,2026-07-12,2.5975,puratek
BPC-157 + TB-500 Blend,2026-07-13,2.5975,puratek
BPC-157 + TB-500 Blend,2026-07-14,2.5975,puratek
BPC-157 + TB-500 Blend,2026-07-15,2.5975,puratek
BPC-157 + TB-500 Blend,2026-07-16,2.5975,puratek
BPC-157 + TB-500 Blend,2026-07-19,2.5975,puratek
BPC-157 + TB-500 Blend,2026-07-20,2.5975,puratek
BPC-157 + TB-500 Blend,2026-07-23,2.25,ascension
BPC-157 + TB-500 Blend,2026-07-24,2.25,ascension
BPC-157 + TB-500 Blend,2026-07-25,2.25,ascension
BPC-157 + TB-500 Blend,2026-07-26,2.25,ascension
BPC-157 + TB-500 Blend,2026-07-27,2.25,ascension
BPC-157 + TB-500 Blend,2026-07-28,2.25,ascension
BPC-157 + TB-500 Blend,2026-07-29,2.25,ascension
BPC-157 + TB-500 Blend,2026-07-30,2.25,ascension
BPC-157 + TB-500 Blend,2026-07-31,2.25,ascension
BPC-157 + TB-500 Blend,2026-08-01,2.25,ascension
BPC-157 + TB-500 Blend,2026-08-02,2.25,ascension
BPC-157 + TB-500 Blend,2026-08-03,2.25,ascension
BPC-157 + TB-500 Blend,2026-08-04,2.25,ascension
BPC-157 + TB-500 Blend,2026-08-05,2.25,ascension
BPC-157 + TB-500 Blend,2026-08-06,2.25,ascension
BPC-157 + TB-500 Blend,2026-08-07,2.25,ascension
BPC-157 + TB-500 Blend,2026-08-08,2.25,ascension
BPC-157 + TB-500 Blend,2026-08-09,2.25,ascension
BPC-157 + TB-500 Blend,2026-08-10,2.25,ascension
BPC-157 + TB-500 Blend,2026-08-11,2.25,ascension
BPC-157 + TB-500 Blend,2026-08-12,2.25,ascension
BPC-157 + TB-500 Blend,2026-08-13,2.25,ascension
BPC-157 + TB-500 Blend,2026-09-07,2.25,ascension
BPC-157 + TB-500 Blend,2026-09-08,2.25,ascension
BPC-157 + TB-500 Blend,2026-09-11,2.25,ascension
BPC-157 + TB-500 Blend,2026-09-12,2.25,ascension
BPC-157 + TB-500 Blend,2026-09-13,2.25,ascension
BPC-157 + TB-500 Blend,2026-09-14,2.25,ascension
BPC-157 + TB-500 Blend,2026-09-15,2.25,ascension
BPC-157 + TB-500 Blend,2026-09-16,2.25,ascension
BPC-157 + TB-500 Blend,2026-09-17,2.25,ascension
BPC-157 + TB-500 Blend,2026-09-18,2.25,ascension
BPC-157 + TB-500 Blend,2026-09-19,2.25,ascension
BPC-157 + TB-500 Blend,2026-09-20,2.25,ascension
BPC-157 + TB-500 Blend,2026-09-21,2.25,ascension
BPC-157 + TB-500 Blend,2026-09-22,2.25,ascension
BPC-157 + TB-500 Blend,2026-09-23,2.25,ascension
BPC-157 + TB-500 Blend,2026-09-24,2.25,ascension
Bacteriostatic Water,2026-06-02,0.4236,ion
Bacteriostatic Water,2026-06-03,0.3114,fusion
Bacteriostatic Water,2026-06-05,0.1558,fusion
Bacteriostatic Water,2026-06-08,0.1558,fusion
Bacteriostatic Water,2026-06-09,0.1558,fusion
Bacteriostatic Water,2026-06-10,0.1558,fusion
Bacteriostatic Water,2026-06-11,0.1558,fusion
Bacteriostatic Water,2026-06-12,0.1558,fusion
Bacteriostatic Water,2026-06-15,0.1558,fusion
Bacteriostatic Water,2026-06-16,0.1558,fusion
Bacteriostatic Water,2026-06-17,0.1558,fusion
Bacteriostatic Water,2026-06-18,0.1558,fusion
Bacteriostatic Water,2026-06-19,0.1558,fusion
Bacteriostatic Water,2026-06-20,0.1558,fusion
Bacteriostatic Water,2026-06-21,0.1558,fusion
Bacteriostatic Water,2026-06-22,0.1558,fusion
Bacteriostatic Water,2026-06-23,0.1558,fusion
Bacteriostatic Water,2026-06-24,0.1558,fusion
Bacteriostatic Water,2026-06-25,0.1558,fusion
Bacteriostatic Water,2026-06-26,0.1558,fusion
Bacteriostatic Water,2026-07-06,0.1558,fusion
Bacteriostatic Water,2026-07-09,0.1558,fusion
Bacteriostatic Water,2026-07-10,0.1558,fusion
Bacteriostatic Water,2026-07-11,0.1558,fusion
Bacteriostatic Water,2026-07-12,0.1558,fusion
Bacteriostatic Water,2026-07-13,0.1558,fusion
Bacteriostatic Water,2026-07-14,0.1558,fusion
Bacteriostatic Water,2026-07-15,0.1558,fusion
Bacteriostatic Water,2026-07-16,0.1558,fusion
Bacteriostatic Water,2026-07-19,0.1558,fusion
Bacteriostatic Water,2026-07-20,0.255,platinum
Bacteriostatic Water,2026-07-23,0.255,platinum
Bacteriostatic Water,2026-07-24,0.255,platinum
Bacteriostatic Water,2026-07-25,0.255,platinum
Bacteriostatic Water,2026-07-26,0.255,platinum
Bacteriostatic Water,2026-07-27,0.255,platinum
Bacteriostatic Water,2026-07-28,0.255,platinum
Bacteriostatic Water,2026-07-29,0.255,platinum
Bacteriostatic Water,2026-07-30,0.255,platinum
Bacteriostatic Water,2026-07-31,0.255,platinum
Bacteriostatic Water,2026-08-01,0.255,platinum
Bacteriostatic Water,2026-08-02,0.2298,glowlab
Bacteriostatic Water,2026-08-03,0.2298,glowlab
Bacteriostatic Water,2026-08-04,0.2298,glowlab
Bacteriostatic Water,2026-08-05,0.2298,glowlab
Bacteriostatic Water,2026-08-06,0.2298,glowlab
Bacteriostatic Water,2026-08-07,0.2298,glowlab
Bacteriostatic Water,2026-08-08,0.2298,glowlab
Bacteriostatic Water,2026-08-09,0.2298,glowlab
Bacteriostatic Water,2026-08-10,0.2298,glowlab
Bacteriostatic Water,2026-08-11,0.2298,glowlab
Bacteriostatic Water,2026-08-12,0.2298,glowlab
Bacteriostatic Water,2026-08-13,0.2298,glowlab
Bacteriostatic Water,2026-09-07,0.2298,glowlab
Bacteriostatic Water,2026-09-08,0.2298,glowlab
Bacteriostatic Water,2026-09-11,0.2298,glowlab
Bacteriostatic Water,2026-09-12,0.2298,glowlab
Bacteriostatic Water,2026-09-13,0.2298,glowlab
Bacteriostatic Water,2026-09-14,0.2298,glowlab
Bacteriostatic Water,2026-09-15,0.2298,glowlab
Bacteriostatic Water,2026-09-16,0.2298,glowlab
Bacteriostatic Water,2026-09-17,0.2298,glowlab
Bacteriostatic Water,2026-09-18,0.2298,glowlab
Bacteriostatic Water,2026-09-19,0.2298,glowlab
Bacteriostatic Water,2026-09-20,0.2298,glowlab
Bacteriostatic Water,2026-09-21,0.2298,glowlab
Bacteriostatic Water,2026-09-22,0.2298,glowlab
Bacteriostatic Water,2026-09-23,0.2298,glowlab
Bacteriostatic Water,2026-09-24,0.2298,glowlab
Bronchogen,2026-09-12,5.22,amp
Bronchogen,2026-09-13,5.22,amp
Bronchogen,2026-09-14,5.22,amp
Bronchogen,2026-09-15,5.22,amp
Bronchogen,2026-09-16,5.22,amp
Bronchogen,2026-09-17,5.22,amp
Bronchogen,2026-09-18,5.22,amp
Bronchogen,2026-09-19,5.22,amp
Bronchogen,2026-09-20,5.22,amp
Bronchogen,2026-09-21,5.22,amp
Bronchogen,2026-09-22,5.22,amp
Bronchogen,2026-09-23,5.22,amp
Bronchogen,2026-09-24,5.22,amp
CJC-1295 (No DAC),2026-06-02,3.495,puratek
CJC-1295 (No DAC),2026-06-03,3.495,puratek
CJC-1295 (No DAC),2026-06-05,3.495,puratek
CJC-1295 (No DAC),2026-06-08,3.495,puratek
CJC-1295 (No DAC),2026-06-09,3.495,puratek
CJC-1295 (No DAC),2026-06-10,3.495,puratek
CJC-1295 (No DAC),2026-06-11,3.495,puratek
CJC-1295 (No DAC),2026-06-12,3.495,puratek
CJC-1295 (No DAC),2026-06-15,3.495,puratek
CJC-1295 (No DAC),2026-06-16,3.495,puratek
CJC-1295 (No DAC),2026-06-17,3.495,puratek
CJC-1295 (No DAC),2026-06-18,3.495,puratek
CJC-1295 (No DAC),2026-06-19,3.495,puratek
CJC-1295 (No DAC),2026-06-20,3.495,puratek
CJC-1295 (No DAC),2026-06-21,3.495,puratek
CJC-1295 (No DAC),2026-06-22,3.495,puratek
CJC-1295 (No DAC),2026-06-23,3.495,puratek
CJC-1295 (No DAC),2026-06-24,4.495,puratek
CJC-1295 (No DAC),2026-06-25,4.495,puratek
CJC-1295 (No DAC),2026-06-26,4.495,puratek
CJC-1295 (No DAC),2026-07-06,4.495,puratek
CJC-1295 (No DAC),2026-07-09,4.495,puratek
CJC-1295 (No DAC),2026-07-10,4.495,puratek
CJC-1295 (No DAC),2026-07-11,4.495,puratek
CJC-1295 (No DAC),2026-07-12,4.495,puratek
CJC-1295 (No DAC),2026-07-13,4.495,puratek
CJC-1295 (No DAC),2026-07-14,3.315,platinum
CJC-1295 (No DAC),2026-07-15,3.315,platinum
CJC-1295 (No DAC),2026-07-16,3.315,platinum
CJC-1295 (No DAC),2026-07-19,3.315,platinum
CJC-1295 (No DAC),2026-07-20,3.315,platinum
CJC-1295 (No DAC),2026-07-23,3.315,platinum
CJC-1295 (No DAC),2026-07-24,3.315,platinum
CJC-1295 (No DAC),2026-07-25,3.315,platinum
CJC-1295 (No DAC),2026-07-26,3.315,platinum
CJC-1295 (No DAC),2026-07-27,3.315,platinum
CJC-1295 (No DAC),2026-07-28,3.315,platinum
CJC-1295 (No DAC),2026-07-29,3.315,platinum
CJC-1295 (No DAC),2026-07-30,4.495,puratek
CJC-1295 (No DAC),2026-07-31,4.495,puratek
CJC-1295 (No DAC),2026-08-01,4.495,puratek
CJC-1295 (No DAC),2026-08-02,4.495,puratek
CJC-1295 (No DAC),2026-08-03,4.495,puratek
CJC-1295 (No DAC),2026-08-04,4.495,puratek
CJC-1295 (No DAC),2026-08-05,4.495,puratek
CJC-1295 (No DAC),2026-08-06,4.495,puratek
CJC-1295 (No DAC),2026-08-07,4.495,puratek
CJC-1295 (No DAC),2026-08-08,4.495,puratek
CJC-1295 (No DAC),2026-08-09,4.495,puratek
CJC-1295 (No DAC),2026-08-10,4.495,puratek
CJC-1295 (No DAC),2026-08-11,4.495,puratek
CJC-1295 (No DAC),2026-08-12,4.495,puratek
CJC-1295 (No DAC),2026-08-13,4.495,puratek
CJC-1295 (No DAC),2026-09-07,4.495,puratek
CJC-1295 (No DAC),2026-09-08,4.495,puratek
CJC-1295 (No DAC),2026-09-11,3.5,ascension
CJC-1295 (No DAC),2026-09-12,3.5,ascension
CJC-1295 (No DAC),2026-09-13,3.5,ascension
CJC-1295 (No DAC),2026-09-14,3.5,ascension
CJC-1295 (No DAC),2026-09-15,3.5,ascension
CJC-1295 (No DAC),2026-09-16,3.5,ascension
CJC-1295 (No DAC),2026-09-17,3.5,ascension
CJC-1295 (No DAC),2026-09-18,3.5,ascension
CJC-1295 (No DAC),2026-09-19,3.5,ascension
CJC-1295 (No DAC),2026-09-20,3.5,ascension
CJC-1295 (No DAC),2026-09-21,3.5,ascension
CJC-1295 (No DAC),2026-09-22,3.5,ascension
CJC-1295 (No DAC),2026-09-23,3.5,ascension
CJC-1295 (No DAC),2026-09-24,3.5,ascension
CJC-1295 (with DAC),2026-06-01,7.65,atomik
CJC-1295 (with DAC),2026-06-02,7.65,atomik
CJC-1295 (with DAC),2026-06-03,7.3083,fusion
CJC-1295 (with DAC),2026-06-05,3.655,fusion
CJC-1295 (with DAC),2026-06-08,3.655,fusion
CJC-1295 (with DAC),2026-06-09,5.5233,fusion
CJC-1295 (with DAC),2026-06-10,7.65,atomik
CJC-1295 (with DAC),2026-06-11,7.65,atomik
CJC-1295 (with DAC),2026-06-12,7.65,atomik
CJC-1295 (with DAC),2026-06-15,7.65,atomik
CJC-1295 (with DAC),2026-06-16,7.65,atomik
CJC-1295 (with DAC),2026-06-17,7.65,atomik
CJC-1295 (with DAC),2026-06-18,7.65,atomik
CJC-1295 (with DAC),2026-06-19,7.65,atomik
CJC-1295 (with DAC),2026-06-20,7.65,atomik
CJC-1295 (with DAC),2026-06-21,7.65,atomik
CJC-1295 (with DAC),2026-06-22,6.3,atomik
CJC-1295 (with DAC),2026-06-23,6.3,atomik
CJC-1295 (with DAC),2026-06-24,6.3,atomik
CJC-1295 (with DAC),2026-06-25,6.3,atomik
CJC-1295 (with DAC),2026-06-26,6.3,atomik
CJC-1295 (with DAC),2026-07-06,6.3,atomik
CJC-1295 (with DAC),2026-07-09,6.3,atomik
CJC-1295 (with DAC),2026-07-10,6.3,atomik
CJC-1295 (with DAC),2026-07-11,6.3,atomik
CJC-1295 (with DAC),2026-07-12,6.3,atomik
CJC-1295 (with DAC),2026-07-13,6.3,atomik
CJC-1295 (with DAC),2026-07-14,6.3,atomik
CJC-1295 (with DAC),2026-07-15,6.3,atomik
CJC-1295 (with DAC),2026-07-16,6.3,atomik
CJC-1295 (with DAC),2026-07-19,6.3,atomik
CJC-1295 (with DAC),2026-07-20,6.3,atomik
CJC-1295 (with DAC),2026-07-23,6.3,atomik
CJC-1295 (with DAC),2026-07-24,6.3,atomik
CJC-1295 (with DAC),2026-07-25,6.3,atomik
CJC-1295 (with DAC),2026-07-26,6.3,atomik
CJC-1295 (with DAC),2026-07-27,6.3,atomik
CJC-1295 (with DAC),2026-07-28,6.3,atomik
CJC-1295 (with DAC),2026-07-29,3.6542,fusion
CJC-1295 (with DAC),2026-07-30,6.3,atomik
CJC-1295 (with DAC),2026-07-31,6.3,atomik
CJC-1295 (with DAC),2026-08-01,6.3,atomik
CJC-1295 (with DAC),2026-08-02,6.3,atomik
CJC-1295 (with DAC),2026-08-03,6.3,atomik
CJC-1295 (with DAC),2026-08-04,6.3,atomik
CJC-1295 (with DAC),2026-08-05,6.3,atomik
CJC-1295 (with DAC),2026-08-06,6.3,atomik
CJC-1295 (with DAC),2026-08-07,6.3,atomik
CJC-1295 (with DAC),2026-08-08,6.3,atomik
CJC-1295 (with DAC),2026-08-09,6.3,atomik
CJC-1295 (with DAC),2026-08-10,6.3,atomik
CJC-1295 (with DAC),2026-08-11,6.3,atomik
CJC-1295 (with DAC),2026-08-12,6.3,atomik
CJC-1295 (with DAC),2026-08-13,6.3,atomik
CJC-1295 (with DAC),2026-09-07,6.3,atomik
CJC-1295 (with DAC),2026-09-08,6.3,atomik
CJC-1295 (with DAC),2026-09-11,5.67,atomik
CJC-1295 (with DAC),2026-09-12,5.67,atomik
CJC-1295 (with DAC),2026-09-13,5.67,atomik
CJC-1295 (with DAC),2026-09-14,5.67,atomik
CJC-1295 (with DAC),2026-09-15,5.67,atomik
CJC-1295 (with DAC),2026-09-16,5.67,atomik
CJC-1295 (with DAC),2026-09-17,5.67,atomik
CJC-1295 (with DAC),2026-09-18,5.67,atomik
CJC-1295 (with DAC),2026-09-19,5.67,atomik
CJC-1295 (with DAC),2026-09-20,5.67,atomik
CJC-1295 (with DAC),2026-09-21,5.67,atomik
CJC-1295 (with DAC),2026-09-22,5.67,atomik
CJC-1295 (with DAC),2026-09-23,5.67,atomik
CJC-1295 (with DAC),2026-09-24,5.67,atomik
CJC/Ipa Blend,2026-06-02,3.4975,puratek
CJC/Ipa Blend,2026-06-03,3.4975,puratek
CJC/Ipa Blend,2026-06-05,3.4975,puratek
CJC/Ipa Blend,2026-06-08,3.4975,puratek
CJC/Ipa Blend,2026-06-09,3.4975,puratek
CJC/Ipa Blend,2026-06-10,3.4975,puratek
CJC/Ipa Blend,2026-06-11,3.4975,puratek
CJC/Ipa Blend,2026-06-12,3.4975,puratek
CJC/Ipa Blend,2026-06-15,3.4975,puratek
CJC/Ipa Blend,2026-06-16,3.4975,puratek
CJC/Ipa Blend,2026-06-17,3.4975,puratek
CJC/Ipa Blend,2026-06-18,3.4975,puratek
CJC/Ipa Blend,2026-06-19,3.4975,puratek
CJC/Ipa Blend,2026-06-20,3.4975,puratek
CJC/Ipa Blend,2026-06-21,3.4975,puratek
CJC/Ipa Blend,2026-06-22,3.4975,puratek
CJC/Ipa Blend,2026-06-23,3.4975,puratek
CJC/Ipa Blend,2026-06-24,3.4975,puratek
CJC/Ipa Blend,2026-06-25,3.4975,puratek
CJC/Ipa Blend,2026-06-26,3.4975,puratek
CJC/Ipa Blend,2026-07-06,3.4975,puratek
CJC/Ipa Blend,2026-07-09,2.5975,puratek
CJC/Ipa Blend,2026-07-10,2.5975,puratek
CJC/Ipa Blend,2026-07-11,2.5975,puratek
CJC/Ipa Blend,2026-07-12,2.5975,puratek
CJC/Ipa Blend,2026-07-13,2.5975,puratek
CJC/Ipa Blend,2026-07-14,2.5975,puratek
CJC/Ipa Blend,2026-07-15,2.5975,puratek
CJC/Ipa Blend,2026-07-16,2.5975,puratek
CJC/Ipa Blend,2026-07-19,2.5975,puratek
CJC/Ipa Blend,2026-07-20,2.5975,puratek
CJC/Ipa Blend,2026-07-23,2.5975,puratek
CJC/Ipa Blend,2026-07-24,2.5975,puratek
CJC/Ipa Blend,2026-07-25,2.5975,puratek
CJC/Ipa Blend,2026-07-26,2.5975,puratek
CJC/Ipa Blend,2026-07-27,2.5975,puratek
CJC/Ipa Blend,2026-07-28,2.5975,puratek
CJC/Ipa Blend,2026-07-29,2.5975,puratek
CJC/Ipa Blend,2026-07-30,2.5975,puratek
CJC/Ipa Blend,2026-07-31,2.5975,puratek
CJC/Ipa Blend,2026-08-01,2.5975,puratek
CJC/Ipa Blend,2026-08-02,2.5975,puratek
CJC/Ipa Blend,2026-08-03,2.5975,puratek
CJC/Ipa Blend,2026-08-04,2.5975,puratek
CJC/Ipa Blend,2026-08-05,2.891,glowaminos
CJC/Ipa Blend,2026-08-06,2.891,glowaminos
CJC/Ipa Blend,2026-08-07,2.891,glowaminos
CJC/Ipa Blend,2026-08-08,2.891,glowaminos
CJC/Ipa Blend,2026-08-09,2.891,glowaminos
CJC/Ipa Blend,2026-08-10,2.891,glowaminos
CJC/Ipa Blend,2026-08-11,2.891,glowaminos
CJC/Ipa Blend,2026-08-12,2.891,glowaminos
CJC/Ipa Blend,2026-08-13,2.891,glowaminos
CJC/Ipa Blend,2026-09-07,2.891,glowaminos
CJC/Ipa Blend,2026-09-08,2.891,glowaminos
CJC/Ipa Blend,2026-09-11,2.891,glowaminos
CJC/Ipa Blend,2026-09-12,2.891,glowaminos
CJC/Ipa Blend,2026-09-13,2.891,glowaminos
CJC/Ipa Blend,2026-09-14,2.891,glowaminos
CJC/Ipa Blend,2026-09-15,2.891,glowaminos
CJC/Ipa Blend,2026-09-16,2.891,glowaminos
CJC/Ipa Blend,2026-09-17,2.891,glowaminos
CJC/Ipa Blend,2026-09-18,2.891,glowaminos
CJC/Ipa Blend,2026-09-19,2.891,glowaminos
CJC/Ipa Blend,2026-09-20,2.891,glowaminos
CJC/Ipa Blend,2026-09-21,2.891,glowaminos
CJC/Ipa Blend,2026-09-22,2.891,glowaminos
CJC/Ipa Blend,2026-09-23,2.891,glowaminos
CJC/Ipa Blend,2026-09-24,2.891,glowaminos
Cagrilintide,2026-06-02,7.295,puratek
Cagrilintide,2026-06-03,7.295,puratek
Cagrilintide,2026-06-05,7.295,puratek
Cagrilintide,2026-06-08,7.295,puratek
Cagrilintide,2026-06-09,5.75,ascension
Cagrilintide,2026-06-10,5.75,ascension
Cagrilintide,2026-06-11,5.75,ascension
Cagrilintide,2026-06-12,5.75,ascension
Cagrilintide,2026-06-15,5.75,ascension
Cagrilintide,2026-06-16,5.75,ascension
Cagrilintide,2026-06-17,5.75,ascension
Cagrilintide,2026-06-18,5.75,ascension
Cagrilintide,2026-06-19,5.75,ascension
Cagrilintide,2026-06-20,5.75,ascension
Cagrilintide,2026-06-21,5.75,ascension
Cagrilintide,2026-06-22,5.75,ascension
Cagrilintide,2026-06-23,5.75,ascension
Cagrilintide,2026-06-24,5.5,ascension
Cagrilintide,2026-06-25,5.5,ascension
Cagrilintide,2026-06-26,5.5,ascension
Cagrilintide,2026-07-06,5.5,ascension
Cagrilintide,2026-07-09,4.595,puratek
Cagrilintide,2026-07-10,4.595,puratek
Cagrilintide,2026-07-11,4.595,puratek
Cagrilintide,2026-07-12,4.595,puratek
Cagrilintide,2026-07-13,4.595,puratek
Cagrilintide,2026-07-14,4.595,puratek
Cagrilintide,2026-07-15,4.595,puratek
Cagrilintide,2026-07-16,4.595,puratek
Cagrilintide,2026-07-19,4.595,puratek
Cagrilintide,2026-07-20,4.595,puratek
Cagrilintide,2026-07-23,4.595,puratek
Cagrilintide,2026-07-24,4.595,puratek
Cagrilintide,2026-07-25,4.595,puratek
Cagrilintide,2026-07-26,4.595,puratek
Cagrilintide,2026-07-27,4.595,puratek
Cagrilintide,2026-07-28,4.595,puratek
Cagrilintide,2026-07-29,4.595,puratek
Cagrilintide,2026-07-30,5.25,ascension
Cagrilintide,2026-07-31,5.25,ascension
Cagrilintide,2026-08-01,5.25,ascension
Cagrilintide,2026-08-02,5.25,ascension
Cagrilintide,2026-08-03,5.25,ascension
Cagrilintide,2026-08-04,5.25,ascension
Cagrilintide,2026-08-05,5.25,ascension
Cagrilintide,2026-08-06,5.25,ascension
Cagrilintide,2026-08-07,5.25,ascension
Cagrilintide,2026-08-08,5.25,ascension
Cagrilintide,2026-08-09,5.25,ascension
Cagrilintide,2026-08-10,5.25,ascension
Cagrilintide,2026-08-11,5.25,ascension
Cagrilintide,2026-08-12,5.25,ascension
Cagrilintide,2026-08-13,5.25,ascension
Cagrilintide,2026-09-07,5.25,ascension
Cagrilintide,2026-09-08,5.25,ascension
Cagrilintide,2026-09-11,5.25,ascension
Cagrilintide,2026-09-12,5.25,ascension
Cagrilintide,2026-09-13,5.25,ascension
Cagrilintide,2026-09-14,5.25,ascension
Cagrilintide,2026-09-15,5.25,ascension
Cagrilintide,2026-09-16,5.25,ascension
Cagrilintide,2026-09-17,5.25,ascension
Cagrilintide,2026-09-18,5.25,ascension
Cagrilintide,2026-09-19,5.25,ascension
Cagrilintide,2026-09-20,5.25,ascension
Cagrilintide,2026-09-21,5.25,ascension
Cagrilintide,2026-09-22,5.25,ascension
Cagrilintide,2026-09-23,5.25,ascension
Cagrilintide,2026-09-24,5.25,ascension
Cardiogen,2026-06-02,2.2496,milehigh
Cardiogen,2026-06-03,2.2496,milehigh
Cardiogen,2026-06-05,2.2496,milehigh
Cardiogen,2026-06-08,2.2496,milehigh
Cardiogen,2026-06-09,2.2496,milehigh
Cardiogen,2026-06-10,2.2496,milehigh
Cardiogen,2026-06-11,2.2496,milehigh
Cardiogen,2026-06-12,2.2496,milehigh
Cardiogen,2026-06-15,2.2496,milehigh
Cardiogen,2026-06-16,2.2496,milehigh
Cardiogen,2026-06-17,2.2496,milehigh
Cardiogen,2026-06-18,2.2496,milehigh
Cardiogen,2026-06-19,2.2496,milehigh
Cardiogen,2026-06-20,2.2496,milehigh
Cardiogen,2026-06-21,2.2496,milehigh
Cardiogen,2026-06-22,2.2496,milehigh
Cardiogen,2026-06-23,2.2496,milehigh
Cardiogen,2026-06-24,2.2496,milehigh
Cardiogen,2026-06-25,2.2496,milehigh
Cardiogen,2026-06-26,2.2496,milehigh
Cardiogen,2026-07-06,2.2496,milehigh
Cardiogen,2026-07-09,2.0246,milehigh
Cardiogen,2026-07-10,2.2496,milehigh
Cardiogen,2026-07-11,2.2496,milehigh
Cardiogen,2026-07-12,2.2496,milehigh
Cardiogen,2026-07-13,2.2496,milehigh
Cardiogen,2026-07-14,2.2496,milehigh
Cardiogen,2026-07-15,2.2496,milehigh
Cardiogen,2026-07-16,2.2496,milehigh
Cardiogen,2026-07-19,2.2496,milehigh
Cardiogen,2026-07-20,2.2496,milehigh
Cardiogen,2026-07-23,2.2496,milehigh
Cardiogen,2026-07-24,2.2496,milehigh
Cardiogen,2026-07-25,2.2496,milehigh
Cardiogen,2026-07-26,2.2496,milehigh
Cardiogen,2026-07-27,2.2496,milehigh
Cardiogen,2026-07-28,2.2496,milehigh
Cardiogen,2026-07-29,2.2496,milehigh
Cardiogen,2026-07-30,2.2496,milehigh
Cardiogen,2026-07-31,2.2496,milehigh
Cardiogen,2026-08-01,2.2496,milehigh
Cardiogen,2026-08-02,2.2496,milehigh
Cardiogen,2026-08-03,2.2496,milehigh
Cardiogen,2026-08-04,2.2496,milehigh
Cardiogen,2026-08-05,2.2496,milehigh
Cardiogen,2026-08-06,2.2496,milehigh
Cardiogen,2026-08-07,2.2496,milehigh
Cardiogen,2026-08-08,2.2496,milehigh
Cardiogen,2026-08-09,2.2496,milehigh
Cardiogen,2026-08-10,2.2496,milehigh
Cardiogen,2026-08-11,2.2496,milehigh
Cardiogen,2026-08-12,2.2496,milehigh
Cardiogen,2026-08-13,2.2496,milehigh
Cardiogen,2026-09-07,2.2496,milehigh
Cardiogen,2026-09-08,2.2496,milehigh
Cardiogen,2026-09-11,2.006,ion
Cardiogen,2026-09-12,2.006,ion
Cardiogen,2026-09-13,2.006,ion
Cardiogen,2026-09-14,2.006,ion
Cardiogen,2026-09-15,2.006,ion
Cardiogen,2026-09-16,2.006,ion
Cardiogen,2026-09-17,2.006,ion
Cardiogen,2026-09-18,2.006,ion
Cardiogen,2026-09-19,2.006,ion
Cardiogen,2026-09-20,2.006,ion
Cardiogen,2026-09-21,2.006,ion
Cardiogen,2026-09-22,2.006,ion
Cardiogen,2026-09-23,2.006,ion
Cardiogen,2026-09-24,2.006,ion
Cartalax,2026-06-02,5.22,ezpeptides
Cartalax,2026-06-03,5.22,ezpeptides
Cartalax,2026-06-05,5.22,ezpeptides
Cartalax,2026-06-08,5.22,ezpeptides
Cartalax,2026-06-09,5.22,ezpeptides
Cartalax,2026-06-10,5.22,ezpeptides
Cartalax,2026-06-11,5.22,ezpeptides
Cartalax,2026-06-12,5.22,ezpeptides
Cartalax,2026-06-15,5.22,ezpeptides
Cartalax,2026-06-16,5.22,ezpeptides
Cartalax,2026-06-17,5.22,ezpeptides
Cartalax,2026-06-18,5.22,ezpeptides
Cartalax,2026-06-19,5.22,ezpeptides
Cartalax,2026-06-20,5.22,ezpeptides
Cartalax,2026-06-21,5.22,ezpeptides
Cartalax,2026-06-22,5.22,ezpeptides
Cartalax,2026-06-23,5.22,ezpeptides
Cartalax,2026-06-24,5.22,ezpeptides
Cartalax,2026-06-25,5.22,ezpeptides
Cartalax,2026-06-26,5.22,ezpeptides
Cartalax,2026-07-06,5.22,ezpeptides
Cartalax,2026-07-09,5.22,ezpeptides
Cartalax,2026-07-10,5.22,ezpeptides
Cartalax,2026-07-11,5.22,ezpeptides
Cartalax,2026-07-12,5.22,ezpeptides
Cartalax,2026-07-13,5.22,ezpeptides
Cartalax,2026-07-14,5.22,ezpeptides
Cartalax,2026-07-15,5.22,ezpeptides
Cartalax,2026-07-16,5.22,ezpeptides
Cartalax,2026-07-19,5.22,ezpeptides
Cartalax,2026-07-20,5.22,ezpeptides
Cartalax,2026-07-23,5.22,ezpeptides
Cartalax,2026-07-24,5.22,ezpeptides
Cartalax,2026-07-25,5.22,ezpeptides
Cartalax,2026-07-26,5.22,ezpeptides
Cartalax,2026-07-27,5.22,ezpeptides
Cartalax,2026-07-28,5.22,ezpeptides
Cartalax,2026-07-29,5.22,ezpeptides
Cartalax,2026-07-30,5.22,ezpeptides
Cartalax,2026-07-31,5.22,ezpeptides
Cartalax,2026-08-01,5.22,ezpeptides
Cartalax,2026-08-02,5.22,ezpeptides
Cartalax,2026-08-03,5.22,ezpeptides
Cartalax,2026-08-04,5.22,ezpeptides
Cartalax,2026-08-05,3.871,glowaminos
Cartalax,2026-08-06,3.871,glowaminos
Cartalax,2026-08-07,3.871,glowaminos
Cartalax,2026-08-08,3.871,glowaminos
Cartalax,2026-08-09,3.871,glowaminos
Cartalax,2026-08-10,3.871,glowaminos
Cartalax,2026-08-11,3.871,glowaminos
Cartalax,2026-08-12,3.871,glowaminos
Cartalax,2026-08-13,3.871,glowaminos
Cartalax,2026-09-07,3.871,glowaminos
Cartalax,2026-09-08,3.871,glowaminos
Cartalax,2026-09-11,2.275,atomik
Cartalax,2026-09-12,2.275,atomik
Cartalax,2026-09-13,2.275,atomik
Cartalax,2026-09-14,2.275,atomik
Cartalax,2026-09-15,2.275,atomik
Cartalax,2026-09-16,2.275,atomik
Cartalax,2026-09-17,2.275,atomik
Cartalax,2026-09-18,2.275,atomik
Cartalax,2026-09-19,2.275,atomik
Cartalax,2026-09-20,2.275,atomik
Cartalax,2026-09-21,2.275,atomik
Cartalax,2026-09-22,2.275,atomik
Cartalax,2026-09-23,2.275,atomik
Cartalax,2026-09-24,2.275,atomik
Cortagen,2026-09-12,2.1,atomik
Cortagen,2026-09-13,2.1,atomik
Cortagen,2026-09-14,2.1,atomik
Cortagen,2026-09-15,2.1,atomik
Cortagen,2026-09-16,2.1,atomik
Cortagen,2026-09-17,2.1,atomik
Cortagen,2026-09-18,2.1,atomik
Cortagen,2026-09-19,2.1,atomik
Cortagen,2026-09-20,2.1,atomik
Cortagen,2026-09-21,2.1,atomik
Cortagen,2026-09-22,2.1,atomik
Cortagen,2026-09-23,2.1,atomik
Cortagen,2026-09-24,2.1,atomik
Crystagen,2026-06-02,2.6995,lapeptides
Crystagen,2026-06-03,2.6995,lapeptides
Crystagen,2026-06-05,2.6995,lapeptides
Crystagen,2026-06-08,2.6995,lapeptides
Crystagen,2026-06-09,2.6995,lapeptides
Crystagen,2026-06-10,2.6995,lapeptides
Crystagen,2026-06-11,2.6995,lapeptides
Crystagen,2026-06-12,5.3991,lapeptides
Crystagen,2026-06-15,5.3991,lapeptides
Crystagen,2026-06-16,5.3991,lapeptides
Crystagen,2026-06-17,5.3991,lapeptides
Crystagen,2026-06-18,5.3991,lapeptides
Crystagen,2026-06-19,5.3991,lapeptides
Crystagen,2026-06-20,5.3991,lapeptides
Crystagen,2026-06-21,5.3991,lapeptides
Crystagen,2026-06-22,5.3991,lapeptides
Crystagen,2026-06-23,5.3991,lapeptides
Crystagen,2026-06-24,5.3991,lapeptides
Crystagen,2026-06-25,5.3991,lapeptides
Crystagen,2026-06-26,5.3991,lapeptides
Crystagen,2026-07-06,5.3991,lapeptides
Crystagen,2026-07-09,5.3991,lapeptides
Crystagen,2026-07-10,5.3991,lapeptides
Crystagen,2026-07-11,5.3991,lapeptides
Crystagen,2026-07-12,5.3991,lapeptides
Crystagen,2026-07-13,5.3991,lapeptides
Crystagen,2026-07-14,5.3991,lapeptides
Crystagen,2026-07-15,5.3991,lapeptides
Crystagen,2026-07-16,5.3991,lapeptides
Crystagen,2026-07-19,5.3991,lapeptides
Crystagen,2026-07-20,5.3991,lapeptides
Crystagen,2026-07-23,5.3991,lapeptides
Crystagen,2026-07-24,5.3991,lapeptides
Crystagen,2026-07-25,5.3991,lapeptides
Crystagen,2026-07-26,5.3991,lapeptides
Crystagen,2026-07-27,5.3991,lapeptides
Crystagen,2026-07-28,2.5496,fusion
Crystagen,2026-07-29,2.5496,fusion
Crystagen,2026-07-30,2.5496,fusion
Crystagen,2026-07-31,2.5496,fusion
Crystagen,2026-08-01,2.5496,fusion
Crystagen,2026-08-02,2.5496,fusion
Crystagen,2026-08-03,2.5496,fusion
Crystagen,2026-08-04,2.5496,fusion
Crystagen,2026-08-05,2.5496,fusion
Crystagen,2026-08-06,2.5496,fusion
Crystagen,2026-08-07,2.5496,fusion
Crystagen,2026-08-08,2.5496,fusion
Crystagen,2026-08-09,2.5496,fusion
Crystagen,2026-08-10,2.5496,fusion
Crystagen,2026-08-11,2.5496,fusion
Crystagen,2026-08-12,2.5496,fusion
Crystagen,2026-08-13,2.5496,fusion
Crystagen,2026-09-07,2.5496,fusion
Crystagen,2026-09-08,2.5496,fusion
Crystagen,2026-09-11,2.5075,ion
Crystagen,2026-09-12,2.5075,ion
Crystagen,2026-09-13,2.5075,ion
Crystagen,2026-09-14,2.5075,ion
Crystagen,2026-09-15,2.5075,ion
Crystagen,2026-09-16,2.5075,ion
Crystagen,2026-09-17,2.5075,ion
Crystagen,2026-09-18,2.5075,ion
Crystagen,2026-09-19,2.5075,ion
Crystagen,2026-09-20,2.5075,ion
Crystagen,2026-09-21,2.5075,ion
Crystagen,2026-09-22,2.5075,ion
Crystagen,2026-09-23,2.5075,ion
Crystagen,2026-09-24,2.5075,ion
DSIP,2026-06-01,4.4991,milehigh
DSIP,2026-06-02,4.4991,milehigh
DSIP,2026-06-03,4.1642,innoamino
DSIP,2026-06-05,2.295,fusion
DSIP,2026-06-08,2.295,fusion
DSIP,2026-06-09,2.295,fusion
DSIP,2026-06-10,3.495,puratek
DSIP,2026-06-11,3.495,puratek
DSIP,2026-06-12,2.6991,lapeptides
DSIP,2026-06-15,2.6991,lapeptides
DSIP,2026-06-16,2.6991,lapeptides
DSIP,2026-06-17,2.6991,lapeptides
DSIP,2026-06-18,2.6991,lapeptides
DSIP,2026-06-19,2.6991,lapeptides
DSIP,2026-06-20,2.6991,lapeptides
DSIP,2026-06-21,2.6991,lapeptides
DSIP,2026-06-22,2.6991,lapeptides
DSIP,2026-06-23,2.6991,lapeptides
DSIP,2026-06-24,2.6991,lapeptides
DSIP,2026-06-25,2.6991,lapeptides
DSIP,2026-06-26,2.6991,lapeptides
DSIP,2026-07-06,2.6991,lapeptides
DSIP,2026-07-09,2.6991,lapeptides
DSIP,2026-07-10,2.6991,lapeptides
DSIP,2026-07-11,2.6991,lapeptides
DSIP,2026-07-12,2.6991,lapeptides
DSIP,2026-07-13,2.6991,lapeptides
DSIP,2026-07-14,2.6991,lapeptides
DSIP,2026-07-15,2.6991,lapeptides
DSIP,2026-07-16,2.6991,lapeptides
DSIP,2026-07-19,2.6991,lapeptides
DSIP,2026-07-20,2.6991,lapeptides
DSIP,2026-07-23,2.6991,lapeptides
DSIP,2026-07-24,2.6991,lapeptides
DSIP,2026-07-25,2.6991,lapeptides
DSIP,2026-07-26,2.6991,lapeptides
DSIP,2026-07-27,2.6991,lapeptides
DSIP,2026-07-28,2.6991,lapeptides
DSIP,2026-07-29,2.157,fusion
DSIP,2026-07-30,2.6991,lapeptides
DSIP,2026-07-31,2.6991,lapeptides
DSIP,2026-08-01,2.6991,lapeptides
DSIP,2026-08-02,2.6991,lapeptides
DSIP,2026-08-03,2.6991,lapeptides
DSIP,2026-08-04,2.6991,lapeptides
DSIP,2026-08-05,2.6991,lapeptides
DSIP,2026-08-06,2.6991,lapeptides
DSIP,2026-08-07,2.6991,lapeptides
DSIP,2026-08-08,2.6991,lapeptides
DSIP,2026-08-09,2.6991,lapeptides
DSIP,2026-08-10,2.6991,lapeptides
DSIP,2026-08-11,2.6991,lapeptides
DSIP,2026-08-12,2.6991,lapeptides
DSIP,2026-08-13,2.6991,lapeptides
DSIP,2026-09-07,2.6991,lapeptides
DSIP,2026-09-08,2.6991,lapeptides
DSIP,2026-09-11,2.6991,lapeptides
DSIP,2026-09-12,2.6991,lapeptides
DSIP,2026-09-13,2.6991,lapeptides
DSIP,2026-09-14,2.6991,lapeptides
DSIP,2026-09-15,2.6991,lapeptides
DSIP,2026-09-16,2.6991,lapeptides
DSIP,2026-09-17,2.6991,lapeptides
DSIP,2026-09-18,2.6991,lapeptides
DSIP,2026-09-19,2.6991,lapeptides
DSIP,2026-09-20,2.6991,lapeptides
DSIP,2026-09-21,2.6991,lapeptides
DSIP,2026-09-22,2.6991,lapeptides
DSIP,2026-09-23,2.6991,lapeptides
DSIP,2026-09-24,2.6991,lapeptides
Dihexa,2026-06-02,7.1991,lapeptides
Dihexa,2026-06-03,7.1991,lapeptides
Dihexa,2026-06-05,7.1991,lapeptides
Dihexa,2026-06-08,7.1991,lapeptides
Dihexa,2026-06-09,7.1991,lapeptides
Dihexa,2026-06-10,7.1991,lapeptides
Dihexa,2026-06-11,7.1991,lapeptides
Dihexa,2026-06-12,7.1991,lapeptides
Dihexa,2026-06-15,7.1991,lapeptides
Dihexa,2026-06-16,7.1991,lapeptides
Dihexa,2026-06-17,7.1991,lapeptides
Dihexa,2026-06-18,7.1991,lapeptides
Dihexa,2026-06-19,7.1991,lapeptides
Dihexa,2026-06-20,7.1991,lapeptides
Dihexa,2026-06-21,7.1991,lapeptides
Dihexa,2026-06-22,7.1991,lapeptides
Dihexa,2026-06-23,0.12,lapeptides
Dihexa,2026-06-24,0.12,lapeptides
Dihexa,2026-06-25,0.12,lapeptides
Dihexa,2026-06-26,0.12,lapeptides
Dihexa,2026-07-06,0.12,lapeptides
Dihexa,2026-07-09,0.12,lapeptides
Dihexa,2026-07-10,0.12,lapeptides
Dihexa,2026-07-11,0.12,lapeptides
Dihexa,2026-07-12,0.12,lapeptides
Dihexa,2026-07-13,0.12,lapeptides
Dihexa,2026-07-14,0.12,lapeptides
Dihexa,2026-07-15,0.12,lapeptides
Dihexa,2026-07-16,0.12,lapeptides
Dihexa,2026-07-19,0.12,lapeptides
Dihexa,2026-07-20,0.12,lapeptides
Dihexa,2026-07-23,0.12,lapeptides
Dihexa,2026-07-24,0.12,lapeptides
Dihexa,2026-07-25,0.12,lapeptides
Dihexa,2026-07-26,0.12,lapeptides
Dihexa,2026-07-27,0.12,lapeptides
Dihexa,2026-07-28,0.12,lapeptides
Dihexa,2026-07-29,0.12,lapeptides
Dihexa,2026-07-30,0.12,lapeptides
Dihexa,2026-07-31,0.12,lapeptides
Dihexa,2026-08-01,0.12,lapeptides
Dihexa,2026-08-02,0.12,lapeptides
Dihexa,2026-08-03,0.12,lapeptides
Dihexa,2026-08-04,0.12,lapeptides
Dihexa,2026-08-05,0.12,lapeptides
Dihexa,2026-08-06,0.12,lapeptides
Dihexa,2026-08-07,0.12,lapeptides
Dihexa,2026-08-08,0.12,lapeptides
Dihexa,2026-08-09,0.12,lapeptides
Dihexa,2026-08-10,0.12,lapeptides
Dihexa,2026-08-11,0.12,lapeptides
Dihexa,2026-08-12,0.12,lapeptides
Dihexa,2026-08-13,0.12,lapeptides
Dihexa,2026-09-07,0.12,lapeptides
Dihexa,2026-09-08,0.12,lapeptides
Dihexa,2026-09-11,0.12,lapeptides
Dihexa,2026-09-12,0.12,lapeptides
Dihexa,2026-09-13,0.12,lapeptides
Dihexa,2026-09-14,0.12,lapeptides
Dihexa,2026-09-15,0.12,lapeptides
Dihexa,2026-09-16,0.12,lapeptides
Dihexa,2026-09-17,0.12,lapeptides
Dihexa,2026-09-18,0.12,lapeptides
Dihexa,2026-09-19,0.12,lapeptides
Dihexa,2026-09-20,0.12,lapeptides
Dihexa,2026-09-21,0.12,lapeptides
Dihexa,2026-09-22,0.12,lapeptides
Dihexa,2026-09-23,0.12,lapeptides
Dihexa,2026-09-24,0.12,lapeptides
Eloralintide,2026-09-07,11.815,ion
Eloralintide,2026-09-08,11.815,ion
Eloralintide,2026-09-11,11.815,ion
Eloralintide,2026-09-12,11.815,ion
Eloralintide,2026-09-13,11.815,ion
Eloralintide,2026-09-14,11.815,ion
Eloralintide,2026-09-15,11.815,ion
Eloralintide,2026-09-16,11.815,ion
Eloralintide,2026-09-17,11.815,ion
Eloralintide,2026-09-18,11.815,ion
Eloralintide,2026-09-19,11.815,ion
Eloralintide,2026-09-20,11.815,ion
Eloralintide,2026-09-21,11.815,ion
Eloralintide,2026-09-22,11.815,ion
Eloralintide,2026-09-23,11.815,ion
Eloralintide,2026-09-24,11.815,ion
Epithalon,2026-06-01,1.4398,lapeptides
Epithalon,2026-06-02,1.4398,lapeptides
Epithalon,2026-06-03,1.4398,lapeptides
Epithalon,2026-06-05,1.4398,lapeptides
Epithalon,2026-06-08,1.4398,lapeptides
Epithalon,2026-06-09,1.4398,lapeptides
Epithalon,2026-06-10,1.4398,lapeptides
Epithalon,2026-06-11,1.4398,lapeptides
Epithalon,2026-06-12,1.853,labsourced
Epithalon,2026-06-15,1.853,labsourced
Epithalon,2026-06-16,1.853,labsourced
Epithalon,2026-06-17,1.853,labsourced
Epithalon,2026-06-18,1.853,labsourced
Epithalon,2026-06-19,1.853,labsourced
Epithalon,2026-06-20,1.853,labsourced
Epithalon,2026-06-21,1.853,labsourced
Epithalon,2026-06-22,1.853,labsourced
Epithalon,2026-06-23,1.853,labsourced
Epithalon,2026-06-24,1.853,labsourced
Epithalon,2026-06-25,1.853,labsourced
Epithalon,2026-06-26,1.853,labsourced
Epithalon,2026-07-06,1.853,labsourced
Epithalon,2026-07-09,1.853,labsourced
Epithalon,2026-07-10,1.853,labsourced
Epithalon,2026-07-11,1.853,labsourced
Epithalon,2026-07-12,1.853,labsourced
Epithalon,2026-07-13,1.853,labsourced
Epithalon,2026-07-14,0.663,platinum
Epithalon,2026-07-15,0.663,platinum
Epithalon,2026-07-16,0.663,platinum
Epithalon,2026-07-19,0.663,platinum
Epithalon,2026-07-20,0.663,platinum
Epithalon,2026-07-23,0.663,platinum
Epithalon,2026-07-24,0.663,platinum
Epithalon,2026-07-25,0.595,platinum
Epithalon,2026-07-26,0.595,platinum
Epithalon,2026-07-27,0.595,platinum
Epithalon,2026-07-28,0.595,platinum
Epithalon,2026-07-29,0.595,platinum
Epithalon,2026-07-30,1.8188,fusion
Epithalon,2026-07-31,1.8188,fusion
Epithalon,2026-08-01,1.8188,fusion
Epithalon,2026-08-02,1.8188,fusion
Epithalon,2026-08-03,1.8188,fusion
Epithalon,2026-08-04,1.8188,fusion
Epithalon,2026-08-05,1.8188,fusion
Epithalon,2026-08-06,1.8188,fusion
Epithalon,2026-08-07,1.8188,fusion
Epithalon,2026-08-08,1.8188,fusion
Epithalon,2026-08-09,1.8188,fusion
Epithalon,2026-08-10,1.8188,fusion
Epithalon,2026-08-11,1.8188,fusion
Epithalon,2026-08-12,1.8188,fusion
Epithalon,2026-08-13,1.8188,fusion
Epithalon,2026-09-07,1.8188,fusion
Epithalon,2026-09-08,1.8188,fusion
Epithalon,2026-09-11,1.1729,glowlab
Epithalon,2026-09-12,1.1729,glowlab
Epithalon,2026-09-13,1.1729,glowlab
Epithalon,2026-09-14,1.1729,glowlab
Epithalon,2026-09-15,1.1729,glowlab
Epithalon,2026-09-16,1.1729,glowlab
Epithalon,2026-09-17,1.1729,glowlab
Epithalon,2026-09-18,1.1729,glowlab
Epithalon,2026-09-19,1.1729,glowlab
Epithalon,2026-09-20,1.1729,glowlab
Epithalon,2026-09-21,1.1729,glowlab
Epithalon,2026-09-22,1.1729,glowlab
Epithalon,2026-09-23,1.1729,glowlab
Epithalon,2026-09-24,1.1729,glowlab
FGL,2026-09-12,5.1975,atomik
FGL,2026-09-13,5.1975,atomik
FGL,2026-09-14,5.1975,atomik
FGL,2026-09-15,5.1975,atomik
FGL,2026-09-16,5.1975,atomik
FGL,2026-09-17,5.1975,atomik
FGL,2026-09-18,5.1975,atomik
FGL,2026-09-19,5.1975,atomik
FGL,2026-09-20,5.1975,atomik
FGL,2026-09-21,5.1975,atomik
FGL,2026-09-22,5.1975,atomik
FGL,2026-09-23,5.1975,atomik
FGL,2026-09-24,5.1975,atomik
FOXO4-DRI,2026-06-02,10.115,ion
FOXO4-DRI,2026-06-03,10.115,ion
FOXO4-DRI,2026-06-05,10.115,ion
FOXO4-DRI,2026-06-08,10.115,ion
FOXO4-DRI,2026-06-09,10.115,ion
FOXO4-DRI,2026-06-10,10.115,ion
FOXO4-DRI,2026-06-11,10.115,ion
FOXO4-DRI,2026-06-12,10.115,ion
FOXO4-DRI,2026-06-15,10.115,ion
FOXO4-DRI,2026-06-16,10.115,ion
FOXO4-DRI,2026-06-17,10.115,ion
FOXO4-DRI,2026-06-18,10.115,ion
FOXO4-DRI,2026-06-19,10.115,ion
FOXO4-DRI,2026-06-20,10.115,ion
FOXO4-DRI,2026-06-21,10.115,ion
FOXO4-DRI,2026-06-22,10.115,ion
FOXO4-DRI,2026-06-23,10.115,ion
FOXO4-DRI,2026-06-24,10.115,ion
FOXO4-DRI,2026-06-25,10.115,ion
FOXO4-DRI,2026-06-26,10.115,ion
FOXO4-DRI,2026-07-06,10.115,ion
FOXO4-DRI,2026-07-09,10.115,ion
FOXO4-DRI,2026-07-10,10.115,ion
FOXO4-DRI,2026-07-11,10.115,ion
FOXO4-DRI,2026-07-12,10.115,ion
FOXO4-DRI,2026-07-13,10.115,ion
FOXO4-DRI,2026-07-14,10.115,ion
FOXO4-DRI,2026-07-15,10.115,ion
FOXO4-DRI,2026-07-16,10.115,ion
FOXO4-DRI,2026-07-19,10.115,ion
FOXO4-DRI,2026-07-20,10.115,ion
FOXO4-DRI,2026-07-23,10.115,ion
FOXO4-DRI,2026-07-24,10.115,ion
FOXO4-DRI,2026-07-25,10.115,ion
FOXO4-DRI,2026-07-26,10.115,ion
FOXO4-DRI,2026-07-27,10.115,ion
FOXO4-DRI,2026-07-28,10.115,ion
FOXO4-DRI,2026-07-29,10.115,ion
FOXO4-DRI,2026-07-30,10.115,ion
FOXO4-DRI,2026-07-31,10.115,ion
FOXO4-DRI,2026-08-01,10.115,ion
FOXO4-DRI,2026-08-02,10.115,ion
FOXO4-DRI,2026-08-03,10.115,ion
FOXO4-DRI,2026-08-04,10.115,ion
FOXO4-DRI,2026-08-05,10.115,ion
FOXO4-DRI,2026-08-06,10.115,ion
FOXO4-DRI,2026-08-07,10.115,ion
FOXO4-DRI,2026-08-08,10.115,ion
FOXO4-DRI,2026-08-09,10.115,ion
FOXO4-DRI,2026-08-10,10.115,ion
FOXO4-DRI,2026-08-11,10.115,ion
FOXO4-DRI,2026-08-12,10.115,ion
FOXO4-DRI,2026-08-13,10.115,ion
FOXO4-DRI,2026-09-07,10.115,ion
FOXO4-DRI,2026-09-08,10.115,ion
FOXO4-DRI,2026-09-11,6.65,ascension
FOXO4-DRI,2026-09-12,6.65,ascension
FOXO4-DRI,2026-09-13,6.65,ascension
FOXO4-DRI,2026-09-14,6.65,ascension
FOXO4-DRI,2026-09-15,6.65,ascension
FOXO4-DRI,2026-09-16,6.65,ascension
FOXO4-DRI,2026-09-17,6.65,ascension
FOXO4-DRI,2026-09-18,6.65,ascension
FOXO4-DRI,2026-09-19,6.65,ascension
FOXO4-DRI,2026-09-20,6.65,ascension
FOXO4-DRI,2026-09-21,6.65,ascension
FOXO4-DRI,2026-09-22,6.65,ascension
FOXO4-DRI,2026-09-23,6.65,ascension
FOXO4-DRI,2026-09-24,6.65,ascension
Follistatin-344,2026-06-12,139.99,swisschems
Follistatin-344,2026-06-15,139.99,swisschems
Follistatin-344,2026-06-16,139.99,swisschems
Follistatin-344,2026-06-17,139.99,swisschems
Follistatin-344,2026-06-18,139.99,swisschems
Follistatin-344,2026-06-19,139.99,swisschems
Follistatin-344,2026-06-20,139.99,swisschems
Follistatin-344,2026-06-21,139.99,swisschems
Follistatin-344,2026-06-22,139.99,swisschems
Follistatin-344,2026-06-23,139.99,swisschems
Follistatin-344,2026-06-24,139.99,swisschems
Follistatin-344,2026-06-25,76.221,certapeptides
Follistatin-344,2026-06-26,76.221,certapeptides
Follistatin-344,2026-07-06,76.221,certapeptides
Follistatin-344,2026-07-09,76.221,certapeptides
Follistatin-344,2026-07-10,76.221,certapeptides
Follistatin-344,2026-07-11,76.221,certapeptides
Follistatin-344,2026-07-12,76.221,certapeptides
Follistatin-344,2026-07-13,76.221,certapeptides
Follistatin-344,2026-07-14,76.221,certapeptides
Follistatin-344,2026-07-15,76.221,certapeptides
Follistatin-344,2026-07-16,76.221,certapeptides
Follistatin-344,2026-07-19,76.221,certapeptides
Follistatin-344,2026-07-20,76.221,certapeptides
Follistatin-344,2026-07-23,76.221,certapeptides
Follistatin-344,2026-07-24,76.221,certapeptides
Follistatin-344,2026-07-25,76.221,certapeptides
Follistatin-344,2026-07-26,76.221,certapeptides
Follistatin-344,2026-07-27,76.221,certapeptides
Follistatin-344,2026-07-28,76.221,certapeptides
Follistatin-344,2026-07-29,76.221,certapeptides
Follistatin-344,2026-07-30,76.221,certapeptides
Follistatin-344,2026-07-31,76.221,certapeptides
Follistatin-344,2026-08-01,76.221,certapeptides
Follistatin-344,2026-08-02,76.221,certapeptides
Follistatin-344,2026-08-03,76.221,certapeptides
Follistatin-344,2026-08-04,76.221,certapeptides
Follistatin-344,2026-08-05,76.221,certapeptides
Follistatin-344,2026-08-06,76.221,certapeptides
Follistatin-344,2026-08-07,76.221,certapeptides
Follistatin-344,2026-08-08,76.221,certapeptides
Follistatin-344,2026-08-09,76.221,certapeptides
Follistatin-344,2026-08-10,76.221,certapeptides
Follistatin-344,2026-08-11,76.221,certapeptides
Follistatin-344,2026-08-12,76.221,certapeptides
Follistatin-344,2026-08-13,76.221,certapeptides
Follistatin-344,2026-09-07,76.221,certapeptides
Follistatin-344,2026-09-08,76.221,certapeptides
Follistatin-344,2026-09-11,76.221,certapeptides
Follistatin-344,2026-09-12,76.221,certapeptides
Follistatin-344,2026-09-13,76.221,certapeptides
Follistatin-344,2026-09-14,76.221,certapeptides
Follistatin-344,2026-09-15,76.221,certapeptides
Follistatin-344,2026-09-16,76.221,certapeptides
Follistatin-344,2026-09-17,76.221,certapeptides
Follistatin-344,2026-09-18,76.221,certapeptides
Follistatin-344,2026-09-19,76.221,certapeptides
Follistatin-344,2026-09-20,76.221,certapeptides
Follistatin-344,2026-09-21,76.221,certapeptides
Follistatin-344,2026-09-22,76.221,certapeptides
Follistatin-344,2026-09-23,76.221,certapeptides
Follistatin-344,2026-09-24,76.221,certapeptides
GHK-Cu,2026-06-01,0.3599,lapeptides
GHK-Cu,2026-06-02,0.3599,lapeptides
GHK-Cu,2026-06-03,0.3599,lapeptides
GHK-Cu,2026-06-05,0.3599,lapeptides
GHK-Cu,2026-06-08,0.3599,lapeptides
GHK-Cu,2026-06-09,0.3187,fusion
GHK-Cu,2026-06-10,0.3495,puratek
GHK-Cu,2026-06-11,0.3495,puratek
GHK-Cu,2026-06-12,0.3495,puratek
GHK-Cu,2026-06-15,0.3495,puratek
GHK-Cu,2026-06-16,0.343,glowaminos
GHK-Cu,2026-06-17,0.343,glowaminos
GHK-Cu,2026-06-18,0.343,glowaminos
GHK-Cu,2026-06-19,0.343,glowaminos
GHK-Cu,2026-06-20,0.343,glowaminos
GHK-Cu,2026-06-21,0.343,glowaminos
GHK-Cu,2026-06-22,0.343,glowaminos
GHK-Cu,2026-06-23,0.343,glowaminos
GHK-Cu,2026-06-24,0.3,ascension
GHK-Cu,2026-06-25,0.3,ascension
GHK-Cu,2026-06-26,0.3,ascension
GHK-Cu,2026-07-06,0.3,ascension
GHK-Cu,2026-07-09,0.2895,puratek
GHK-Cu,2026-07-10,0.2895,puratek
GHK-Cu,2026-07-11,0.2895,puratek
GHK-Cu,2026-07-12,0.2895,puratek
GHK-Cu,2026-07-13,0.2895,puratek
GHK-Cu,2026-07-14,0.2895,puratek
GHK-Cu,2026-07-15,0.2895,puratek
GHK-Cu,2026-07-16,0.2895,puratek
GHK-Cu,2026-07-19,0.2895,puratek
GHK-Cu,2026-07-20,0.2895,puratek
GHK-Cu,2026-07-23,0.2895,puratek
GHK-Cu,2026-07-24,0.2895,puratek
GHK-Cu,2026-07-25,0.2895,puratek
GHK-Cu,2026-07-26,0.2895,puratek
GHK-Cu,2026-07-27,0.2895,puratek
GHK-Cu,2026-07-28,0.2895,puratek
GHK-Cu,2026-07-29,0.2895,puratek
GHK-Cu,2026-07-30,0.3,ascension
GHK-Cu,2026-07-31,0.3,ascension
GHK-Cu,2026-08-01,0.3,ascension
GHK-Cu,2026-08-02,0.2621,glowlab
GHK-Cu,2026-08-03,0.2621,glowlab
GHK-Cu,2026-08-04,0.2621,glowlab
GHK-Cu,2026-08-05,0.2401,glowaminos
GHK-Cu,2026-08-06,0.2401,glowaminos
GHK-Cu,2026-08-07,0.2401,glowaminos
GHK-Cu,2026-08-08,0.2401,glowaminos
GHK-Cu,2026-08-09,0.2401,glowaminos
GHK-Cu,2026-08-10,0.2401,glowaminos
GHK-Cu,2026-08-11,0.2401,glowaminos
GHK-Cu,2026-08-12,0.2401,glowaminos
GHK-Cu,2026-08-13,0.2401,glowaminos
GHK-Cu,2026-09-07,0.2401,glowaminos
GHK-Cu,2026-09-08,0.2401,glowaminos
GHK-Cu,2026-09-11,0.2401,glowaminos
GHK-Cu,2026-09-12,0.2401,glowaminos
GHK-Cu,2026-09-13,0.2401,glowaminos
GHK-Cu,2026-09-14,0.2401,glowaminos
GHK-Cu,2026-09-15,0.2401,glowaminos
GHK-Cu,2026-09-16,0.2401,glowaminos
GHK-Cu,2026-09-17,0.2401,glowaminos
GHK-Cu,2026-09-18,0.2401,glowaminos
GHK-Cu,2026-09-19,0.2401,glowaminos
GHK-Cu,2026-09-20,0.2401,glowaminos
GHK-Cu,2026-09-21,0.2401,glowaminos
GHK-Cu,2026-09-22,0.2401,glowaminos
GHK-Cu,2026-09-23,0.2401,glowaminos
GHK-Cu,2026-09-24,0.2401,glowaminos
GHRP-2,2026-06-02,4.93,ion
GHRP-2,2026-06-03,4.5892,fusion
GHRP-2,2026-06-05,2.295,fusion
GHRP-2,2026-06-08,2.295,fusion
GHRP-2,2026-06-09,2.295,fusion
GHRP-2,2026-06-10,4.93,ion
GHRP-2,2026-06-11,4.93,ion
GHRP-2,2026-06-12,3.99,swisschems
GHRP-2,2026-06-15,3.99,swisschems
GHRP-2,2026-06-16,3.99,swisschems
GHRP-2,2026-06-17,3.99,swisschems
GHRP-2,2026-06-18,3.99,swisschems
GHRP-2,2026-06-19,3.99,swisschems
GHRP-2,2026-06-20,3.99,swisschems
GHRP-2,2026-06-21,3.99,swisschems
GHRP-2,2026-06-22,3.99,swisschems
GHRP-2,2026-06-23,3.99,swisschems
GHRP-2,2026-06-24,3.99,swisschems
GHRP-2,2026-06-25,3.9591,certapeptides
GHRP-2,2026-06-26,3.9591,certapeptides
GHRP-2,2026-07-06,3.9591,certapeptides
GHRP-2,2026-07-09,3.9591,certapeptides
GHRP-2,2026-07-10,3.9591,certapeptides
GHRP-2,2026-07-11,3.9591,certapeptides
GHRP-2,2026-07-12,3.9591,certapeptides
GHRP-2,2026-07-13,3.9591,certapeptides
GHRP-2,2026-07-14,3.9591,certapeptides
GHRP-2,2026-07-15,3.9591,certapeptides
GHRP-2,2026-07-16,3.9591,certapeptides
GHRP-2,2026-07-19,3.9591,certapeptides
GHRP-2,2026-07-20,3.9591,certapeptides
GHRP-2,2026-07-23,3.9591,certapeptides
GHRP-2,2026-07-24,3.9591,certapeptides
GHRP-2,2026-07-25,3.9591,certapeptides
GHRP-2,2026-07-26,3.9591,certapeptides
GHRP-2,2026-07-27,3.9591,certapeptides
GHRP-2,2026-07-28,3.6542,fusion
GHRP-2,2026-07-29,2.8041,fusion
GHRP-2,2026-07-30,3.6542,fusion
GHRP-2,2026-07-31,3.6542,fusion
GHRP-2,2026-08-01,3.6542,fusion
GHRP-2,2026-08-02,3.6542,fusion
GHRP-2,2026-08-03,3.6542,fusion
GHRP-2,2026-08-04,3.6542,fusion
GHRP-2,2026-08-05,3.6542,fusion
GHRP-2,2026-08-06,3.6542,fusion
GHRP-2,2026-08-07,3.6542,fusion
GHRP-2,2026-08-08,3.6542,fusion
GHRP-2,2026-08-09,3.6542,fusion
GHRP-2,2026-08-10,3.6542,fusion
GHRP-2,2026-08-11,3.6542,fusion
GHRP-2,2026-08-12,3.6542,fusion
GHRP-2,2026-08-13,3.6542,fusion
GHRP-2,2026-09-07,3.6542,fusion
GHRP-2,2026-09-08,3.6542,fusion
GHRP-2,2026-09-11,2.457,atomik
GHRP-2,2026-09-12,2.457,atomik
GHRP-2,2026-09-13,2.457,atomik
GHRP-2,2026-09-14,2.457,atomik
GHRP-2,2026-09-15,2.457,atomik
GHRP-2,2026-09-16,2.457,atomik
GHRP-2,2026-09-17,2.457,atomik
GHRP-2,2026-09-18,2.457,atomik
GHRP-2,2026-09-19,2.457,atomik
GHRP-2,2026-09-20,2.457,atomik
GHRP-2,2026-09-21,2.457,atomik
GHRP-2,2026-09-22,2.457,atomik
GHRP-2,2026-09-23,2.457,atomik
GHRP-2,2026-09-24,2.457,atomik
GHRP-6,2026-06-02,4.93,ion
GHRP-6,2026-06-03,4.5892,fusion
GHRP-6,2026-06-05,2.295,fusion
GHRP-6,2026-06-08,2.295,fusion
GHRP-6,2026-06-09,2.295,fusion
GHRP-6,2026-06-10,4.93,ion
GHRP-6,2026-06-11,4.93,ion
GHRP-6,2026-06-12,3.99,swisschems
GHRP-6,2026-06-15,3.99,swisschems
GHRP-6,2026-06-16,3.99,swisschems
GHRP-6,2026-06-17,3.99,swisschems
GHRP-6,2026-06-18,3.99,swisschems
GHRP-6,2026-06-19,3.99,swisschems
GHRP-6,2026-06-20,3.99,swisschems
GHRP-6,2026-06-21,3.99,swisschems
GHRP-6,2026-06-22,3.99,swisschems
GHRP-6,2026-06-23,3.99,swisschems
GHRP-6,2026-06-24,3.99,swisschems
GHRP-6,2026-06-25,3.9591,certapeptides
GHRP-6,2026-06-26,3.9591,certapeptides
GHRP-6,2026-07-06,3.9591,certapeptides
GHRP-6,2026-07-09,3.9591,certapeptides
GHRP-6,2026-07-10,3.9591,certapeptides
GHRP-6,2026-07-11,3.9591,certapeptides
GHRP-6,2026-07-12,3.9591,certapeptides
GHRP-6,2026-07-13,3.9591,certapeptides
GHRP-6,2026-07-14,3.9591,certapeptides
GHRP-6,2026-07-15,3.9591,certapeptides
GHRP-6,2026-07-16,3.9591,certapeptides
GHRP-6,2026-07-19,3.9591,certapeptides
GHRP-6,2026-07-20,3.9591,certapeptides
GHRP-6,2026-07-23,3.9591,certapeptides
GHRP-6,2026-07-24,3.9591,certapeptides
GHRP-6,2026-07-25,3.9591,certapeptides
GHRP-6,2026-07-26,3.9591,certapeptides
GHRP-6,2026-07-27,3.9591,certapeptides
GHRP-6,2026-07-28,3.6542,fusion
GHRP-6,2026-07-29,2.8041,fusion
GHRP-6,2026-07-30,3.6542,fusion
GHRP-6,2026-07-31,3.6542,fusion
GHRP-6,2026-08-01,3.6542,fusion
GHRP-6,2026-08-02,3.6542,fusion
GHRP-6,2026-08-03,3.6542,fusion
GHRP-6,2026-08-04,3.6542,fusion
GHRP-6,2026-08-05,3.6542,fusion
GHRP-6,2026-08-06,3.6542,fusion
GHRP-6,2026-08-07,3.6542,fusion
GHRP-6,2026-08-08,3.6542,fusion
GHRP-6,2026-08-09,3.6542,fusion
GHRP-6,2026-08-10,3.6542,fusion
GHRP-6,2026-08-11,3.6542,fusion
GHRP-6,2026-08-12,3.6542,fusion
GHRP-6,2026-08-13,3.6542,fusion
GHRP-6,2026-09-07,3.6542,fusion
GHRP-6,2026-09-08,3.6542,fusion
GHRP-6,2026-09-11,2.457,atomik
GHRP-6,2026-09-12,2.457,atomik
GHRP-6,2026-09-13,2.457,atomik
GHRP-6,2026-09-14,2.457,atomik
GHRP-6,2026-09-15,2.457,atomik
GHRP-6,2026-09-16,2.457,atomik
GHRP-6,2026-09-17,2.457,atomik
GHRP-6,2026-09-18,2.457,atomik
GHRP-6,2026-09-19,2.457,atomik
GHRP-6,2026-09-20,2.457,atomik
GHRP-6,2026-09-21,2.457,atomik
GHRP-6,2026-09-22,2.457,atomik
GHRP-6,2026-09-23,2.457,atomik
GHRP-6,2026-09-24,2.457,atomik
Glow Blend,2026-06-01,1.0807,ion
Glow Blend,2026-06-02,1.0807,ion
Glow Blend,2026-06-03,1.0807,ion
Glow Blend,2026-06-05,1.0807,ion
Glow Blend,2026-06-08,1.0807,ion
Glow Blend,2026-06-09,1.0357,ascension
Glow Blend,2026-06-10,0.8564,puratek
Glow Blend,2026-06-11,0.8564,puratek
Glow Blend,2026-06-12,0.8564,puratek
Glow Blend,2026-06-15,0.8564,puratek
Glow Blend,2026-06-16,0.8564,puratek
Glow Blend,2026-06-17,0.8564,puratek
Glow Blend,2026-06-18,0.8564,puratek
Glow Blend,2026-06-19,0.8564,puratek
Glow Blend,2026-06-20,0.8564,puratek
Glow Blend,2026-06-21,0.8564,puratek
Glow Blend,2026-06-22,0.8564,puratek
Glow Blend,2026-06-23,0.8564,puratek
Glow Blend,2026-06-24,0.8564,puratek
Glow Blend,2026-06-25,0.8564,puratek
Glow Blend,2026-06-26,0.8564,puratek
Glow Blend,2026-07-06,0.8564,puratek
Glow Blend,2026-07-09,0.8564,puratek
Glow Blend,2026-07-10,0.8564,puratek
Glow Blend,2026-07-11,0.8564,puratek
Glow Blend,2026-07-12,0.8564,puratek
Glow Blend,2026-07-13,0.8564,puratek
Glow Blend,2026-07-14,0.8564,puratek
Glow Blend,2026-07-15,0.8564,puratek
Glow Blend,2026-07-16,0.8564,puratek
Glow Blend,2026-07-19,0.8564,puratek
Glow Blend,2026-07-20,0.8564,puratek
Glow Blend,2026-07-23,0.8564,puratek
Glow Blend,2026-07-24,0.8564,puratek
Glow Blend,2026-07-25,0.8564,puratek
Glow Blend,2026-07-26,0.8564,puratek
Glow Blend,2026-07-27,0.8564,puratek
Glow Blend,2026-07-28,0.8564,puratek
Glow Blend,2026-07-29,0.8564,puratek
Glow Blend,2026-07-30,0.8564,puratek
Glow Blend,2026-07-31,0.8564,puratek
Glow Blend,2026-08-01,0.8564,puratek
Glow Blend,2026-08-02,0.8564,puratek
Glow Blend,2026-08-03,0.8564,puratek
Glow Blend,2026-08-04,0.8564,puratek
Glow Blend,2026-08-05,0.693,glowaminos
Glow Blend,2026-08-06,0.693,glowaminos
Glow Blend,2026-08-07,0.693,glowaminos
Glow Blend,2026-08-08,0.693,glowaminos
Glow Blend,2026-08-09,0.693,glowaminos
Glow Blend,2026-08-10,0.693,glowaminos
Glow Blend,2026-08-11,0.693,glowaminos
Glow Blend,2026-08-12,0.693,glowaminos
Glow Blend,2026-08-13,0.693,glowaminos
Glow Blend,2026-09-07,0.693,glowaminos
Glow Blend,2026-09-08,0.693,glowaminos
Glow Blend,2026-09-11,0.693,glowaminos
Glow Blend,2026-09-12,0.693,glowaminos
Glow Blend,2026-09-13,0.693,glowaminos
Glow Blend,2026-09-14,0.693,glowaminos
Glow Blend,2026-09-15,0.693,glowaminos
Glow Blend,2026-09-16,0.693,glowaminos
Glow Blend,2026-09-17,0.693,glowaminos
Glow Blend,2026-09-18,0.693,glowaminos
Glow Blend,2026-09-19,0.693,glowaminos
Glow Blend,2026-09-20,0.693,glowaminos
Glow Blend,2026-09-21,0.693,glowaminos
Glow Blend,2026-09-22,0.693,glowaminos
Glow Blend,2026-09-23,0.693,glowaminos
Glow Blend,2026-09-24,0.693,glowaminos
Glutathione,2026-06-01,0.0312,ion
Glutathione,2026-06-02,0.0312,ion
Glutathione,2026-06-03,0.0312,ion
Glutathione,2026-06-05,0.0218,fusion
Glutathione,2026-06-08,0.0218,fusion
Glutathione,2026-06-09,0.0218,fusion
Glutathione,2026-06-10,0.0312,ion
Glutathione,2026-06-11,0.0312,ion
Glutathione,2026-06-12,0.0312,ion
Glutathione,2026-06-15,0.0312,ion
Glutathione,2026-06-16,0.0312,ion
Glutathione,2026-06-17,0.0312,ion
Glutathione,2026-06-18,0.0312,ion
Glutathione,2026-06-19,0.0312,ion
Glutathione,2026-06-20,0.0312,ion
Glutathione,2026-06-21,0.0312,ion
Glutathione,2026-06-22,0.0312,ion
Glutathione,2026-06-23,0.0312,ion
Glutathione,2026-06-24,0.0312,ion
Glutathione,2026-06-25,0.0312,ion
Glutathione,2026-06-26,0.0312,ion
Glutathione,2026-07-06,0.0312,ion
Glutathione,2026-07-09,0.0312,ion
Glutathione,2026-07-10,0.0312,ion
Glutathione,2026-07-11,0.0312,ion
Glutathione,2026-07-12,0.0312,ion
Glutathione,2026-07-13,0.0312,ion
Glutathione,2026-07-14,0.0312,ion
Glutathione,2026-07-15,0.0312,ion
Glutathione,2026-07-16,0.0312,ion
Glutathione,2026-07-19,0.0312,ion
Glutathione,2026-07-20,0.0312,ion
Glutathione,2026-07-23,0.0312,ion
Glutathione,2026-07-24,0.0312,ion
Glutathione,2026-07-25,0.0312,ion
Glutathione,2026-07-26,0.0312,ion
Glutathione,2026-07-27,0.0312,ion
Glutathione,2026-07-28,0.0312,ion
Glutathione,2026-07-29,0.0312,ion
Glutathione,2026-07-30,0.0312,ion
Glutathione,2026-07-31,0.0312,ion
Glutathione,2026-08-01,0.0312,ion
Glutathione,2026-08-02,0.0271,glowlab
Glutathione,2026-08-03,0.0271,glowlab
Glutathione,2026-08-04,0.0312,ion
Glutathione,2026-08-05,0.0225,glowaminos
Glutathione,2026-08-06,0.0225,glowaminos
Glutathione,2026-08-07,0.0225,glowaminos
Glutathione,2026-08-08,0.0225,glowaminos
Glutathione,2026-08-09,0.0225,glowaminos
Glutathione,2026-08-10,0.0225,glowaminos
Glutathione,2026-08-11,0.0225,glowaminos
Glutathione,2026-08-12,0.0225,glowaminos
Glutathione,2026-08-13,0.0225,glowaminos
Glutathione,2026-09-07,0.0225,glowaminos
Glutathione,2026-09-08,0.0225,glowaminos
Glutathione,2026-09-11,0.0215,retaone
Glutathione,2026-09-12,0.0215,retaone
Glutathione,2026-09-13,0.0215,retaone
Glutathione,2026-09-14,0.0215,retaone
Glutathione,2026-09-15,0.0215,retaone
Glutathione,2026-09-16,0.0215,retaone
Glutathione,2026-09-17,0.0215,retaone
Glutathione,2026-09-18,0.0215,retaone
Glutathione,2026-09-19,0.0215,retaone
Glutathione,2026-09-20,0.0215,retaone
Glutathione,2026-09-21,0.0215,retaone
Glutathione,2026-09-22,0.0215,retaone
Glutathione,2026-09-23,0.0215,retaone
Glutathione,2026-09-24,0.0215,retaone
Gonadorelin,2026-07-13,8.4915,platinum
Gonadorelin,2026-07-14,8.33,platinum
Gonadorelin,2026-07-15,8.33,platinum
Gonadorelin,2026-07-16,8.33,platinum
Gonadorelin,2026-07-19,8.33,platinum
Gonadorelin,2026-07-20,8.33,platinum
Gonadorelin,2026-07-23,8.33,platinum
Gonadorelin,2026-07-24,8.33,platinum
Gonadorelin,2026-07-25,8.33,platinum
Gonadorelin,2026-07-26,8.33,platinum
Gonadorelin,2026-07-27,8.33,platinum
Gonadorelin,2026-07-28,8.33,platinum
Gonadorelin,2026-07-29,8.33,platinum
Gonadorelin,2026-07-30,8.33,platinum
Gonadorelin,2026-07-31,8.33,platinum
Gonadorelin,2026-08-01,8.33,platinum
Gonadorelin,2026-08-02,8.33,platinum
Gonadorelin,2026-08-03,8.33,platinum
Gonadorelin,2026-08-04,8.33,platinum
Gonadorelin,2026-08-05,8.33,platinum
Gonadorelin,2026-08-06,8.33,platinum
Gonadorelin,2026-08-07,8.33,platinum
Gonadorelin,2026-08-08,8.33,platinum
Gonadorelin,2026-08-09,8.33,platinum
Gonadorelin,2026-08-10,8.33,platinum
Gonadorelin,2026-08-11,8.33,platinum
Gonadorelin,2026-08-12,8.33,platinum
Gonadorelin,2026-08-13,8.33,platinum
Gonadorelin,2026-09-07,8.33,platinum
Gonadorelin,2026-09-08,8.33,platinum
Gonadorelin,2026-09-11,8.33,platinum
Gonadorelin,2026-09-12,8.33,platinum
Gonadorelin,2026-09-13,8.33,platinum
Gonadorelin,2026-09-14,8.33,platinum
Gonadorelin,2026-09-15,8.33,platinum
Gonadorelin,2026-09-16,8.33,platinum
Gonadorelin,2026-09-17,8.33,platinum
Gonadorelin,2026-09-18,8.33,platinum
Gonadorelin,2026-09-19,8.33,platinum
Gonadorelin,2026-09-20,8.33,platinum
Gonadorelin,2026-09-21,8.33,platinum
Gonadorelin,2026-09-22,8.33,platinum
Gonadorelin,2026-09-23,8.33,platinum
Gonadorelin,2026-09-24,8.33,platinum
HCG,2026-06-02,0.0076,labsourced
HCG,2026-06-03,0.0076,labsourced
HCG,2026-06-05,0.0076,labsourced
HCG,2026-06-08,0.0076,labsourced
HCG,2026-06-09,0.0076,labsourced
HCG,2026-06-10,0.0076,labsourced
HCG,2026-06-11,0.0076,labsourced
HCG,2026-06-12,7.565,labsourced
HCG,2026-06-15,7.565,labsourced
HCG,2026-06-16,7.565,labsourced
HCG,2026-06-17,7.565,labsourced
HCG,2026-06-18,7.565,labsourced
HCG,2026-06-19,7.565,labsourced
HCG,2026-06-20,7.565,labsourced
HCG,2026-06-21,7.565,labsourced
HCG,2026-06-22,7.565,labsourced
HCG,2026-06-23,7.565,labsourced
HCG,2026-06-24,7.565,labsourced
HCG,2026-06-25,7.565,labsourced
HCG,2026-06-26,7.565,labsourced
HCG,2026-07-06,7.565,labsourced
HCG,2026-07-09,7.565,labsourced
HCG,2026-07-10,7.565,labsourced
HCG,2026-07-11,7.565,labsourced
HCG,2026-07-12,7.565,labsourced
HCG,2026-07-13,7.565,labsourced
HCG,2026-07-14,7.565,labsourced
HCG,2026-07-15,7.565,labsourced
HCG,2026-07-16,7.565,labsourced
HCG,2026-07-19,7.565,labsourced
HCG,2026-07-20,7.565,labsourced
HCG,2026-07-23,7.565,labsourced
HCG,2026-07-24,7.565,labsourced
HCG,2026-07-25,7.565,labsourced
HCG,2026-07-26,7.565,labsourced
HCG,2026-07-27,7.565,labsourced
HCG,2026-07-28,7.565,labsourced
HCG,2026-07-29,7.565,labsourced
HCG,2026-07-30,7.565,labsourced
HCG,2026-07-31,7.565,labsourced
HCG,2026-08-01,7.565,labsourced
HCG,2026-08-02,7.565,labsourced
HCG,2026-08-03,7.565,labsourced
HCG,2026-08-04,7.565,labsourced
HCG,2026-08-05,7.565,labsourced
HCG,2026-08-06,7.565,labsourced
HCG,2026-08-07,7.565,labsourced
HCG,2026-08-08,7.565,labsourced
HCG,2026-08-09,7.565,labsourced
HCG,2026-08-10,7.565,labsourced
HCG,2026-08-11,7.565,labsourced
HCG,2026-08-12,7.565,labsourced
HCG,2026-08-13,7.565,labsourced
HCG,2026-09-07,7.565,labsourced
HCG,2026-09-08,7.565,labsourced
HCG,2026-09-11,5.798,swisschems
HCG,2026-09-12,5.798,swisschems
HCG,2026-09-13,5.798,swisschems
HCG,2026-09-14,5.798,swisschems
HCG,2026-09-15,5.798,swisschems
HCG,2026-09-16,5.798,swisschems
HCG,2026-09-17,5.798,swisschems
HCG,2026-09-18,5.798,swisschems
HCG,2026-09-19,5.798,swisschems
HCG,2026-09-20,5.798,swisschems
HCG,2026-09-21,5.798,swisschems
HCG,2026-09-22,5.798,swisschems
HCG,2026-09-23,5.798,swisschems
HCG,2026-09-24,5.798,swisschems
HGH 176-191,2026-07-13,12.7415,platinum
HGH 176-191,2026-07-14,12.58,platinum
HGH 176-191,2026-07-15,12.58,platinum
HGH 176-191,2026-07-16,12.58,platinum
HGH 176-191,2026-07-19,12.58,platinum
HGH 176-191,2026-07-20,12.58,platinum
HGH 176-191,2026-07-23,12.58,platinum
HGH 176-191,2026-07-24,12.58,platinum
HGH 176-191,2026-07-25,12.58,platinum
HGH 176-191,2026-07-26,12.58,platinum
HGH 176-191,2026-07-27,12.58,platinum
HGH 176-191,2026-07-28,12.58,platinum
HGH 176-191,2026-07-29,12.58,platinum
HGH 176-191,2026-07-30,12.58,platinum
HGH 176-191,2026-07-31,12.58,platinum
HGH 176-191,2026-08-01,12.58,platinum
HGH 176-191,2026-08-02,12.58,platinum
HGH 176-191,2026-08-03,12.58,platinum
HGH 176-191,2026-08-04,12.58,platinum
HGH 176-191,2026-08-05,12.58,platinum
HGH 176-191,2026-08-06,12.58,platinum
HGH 176-191,2026-08-07,12.58,platinum
HGH 176-191,2026-08-08,12.58,platinum
HGH 176-191,2026-08-09,12.58,platinum
HGH 176-191,2026-08-10,12.58,platinum
HGH 176-191,2026-08-11,12.58,platinum
HGH 176-191,2026-08-12,12.58,platinum
HGH 176-191,2026-08-13,12.58,platinum
HGH 176-191,2026-09-07,12.58,platinum
HGH 176-191,2026-09-08,12.58,platinum
HGH 176-191,2026-09-11,12.58,platinum
HGH 176-191,2026-09-12,12.58,platinum
HGH 176-191,2026-09-13,12.58,platinum
HGH 176-191,2026-09-14,12.58,platinum
HGH 176-191,2026-09-15,12.58,platinum
HGH 176-191,2026-09-16,12.58,platinum
HGH 176-191,2026-09-17,12.58,platinum
HGH 176-191,2026-09-18,12.58,platinum
HGH 176-191,2026-09-19,12.58,platinum
HGH 176-191,2026-09-20,12.58,platinum
HGH 176-191,2026-09-21,12.58,platinum
HGH 176-191,2026-09-22,12.58,platinum
HGH 176-191,2026-09-23,12.58,platinum
HGH 176-191,2026-09-24,12.58,platinum
Hexarelin,2026-06-02,10.03,labsourced
Hexarelin,2026-06-03,10.03,labsourced
Hexarelin,2026-06-05,10.03,labsourced
Hexarelin,2026-06-08,10.03,labsourced
Hexarelin,2026-06-09,10.03,labsourced
Hexarelin,2026-06-10,10.03,labsourced
Hexarelin,2026-06-11,10.03,labsourced
Hexarelin,2026-06-12,10.03,labsourced
Hexarelin,2026-06-15,10.03,labsourced
Hexarelin,2026-06-16,10.03,labsourced
Hexarelin,2026-06-17,10.03,labsourced
Hexarelin,2026-06-18,10.03,labsourced
Hexarelin,2026-06-19,10.03,labsourced
Hexarelin,2026-06-20,10.03,labsourced
Hexarelin,2026-06-21,10.03,labsourced
Hexarelin,2026-06-22,10.03,labsourced
Hexarelin,2026-06-23,10.03,labsourced
Hexarelin,2026-06-24,10.03,labsourced
Hexarelin,2026-06-25,9.1062,certapeptides
Hexarelin,2026-06-26,9.1062,certapeptides
Hexarelin,2026-07-06,6.7983,pinnacle
Hexarelin,2026-07-09,6.7983,pinnacle
Hexarelin,2026-07-10,6.7983,pinnacle
Hexarelin,2026-07-11,6.7983,pinnacle
Hexarelin,2026-07-12,6.7983,pinnacle
Hexarelin,2026-07-13,6.7983,pinnacle
Hexarelin,2026-07-14,6.7983,pinnacle
Hexarelin,2026-07-15,6.7983,pinnacle
Hexarelin,2026-07-16,6.7983,pinnacle
Hexarelin,2026-07-19,6.7983,pinnacle
Hexarelin,2026-07-20,6.7983,pinnacle
Hexarelin,2026-07-23,6.7983,pinnacle
Hexarelin,2026-07-24,6.7983,pinnacle
Hexarelin,2026-07-25,6.7983,pinnacle
Hexarelin,2026-07-26,6.7983,pinnacle
Hexarelin,2026-07-27,6.7983,pinnacle
Hexarelin,2026-07-28,6.7983,pinnacle
Hexarelin,2026-07-29,6.7983,pinnacle
Hexarelin,2026-07-30,6.7983,pinnacle
Hexarelin,2026-07-31,6.7983,pinnacle
Hexarelin,2026-08-01,6.7983,pinnacle
Hexarelin,2026-08-02,6.7983,pinnacle
Hexarelin,2026-08-03,6.7983,pinnacle
Hexarelin,2026-08-04,6.7983,pinnacle
Hexarelin,2026-08-05,6.7983,pinnacle
Hexarelin,2026-08-06,6.7983,pinnacle
Hexarelin,2026-08-07,6.7983,pinnacle
Hexarelin,2026-08-08,6.7983,pinnacle
Hexarelin,2026-08-09,6.7983,pinnacle
Hexarelin,2026-08-10,6.7983,pinnacle
Hexarelin,2026-08-11,6.7983,pinnacle
Hexarelin,2026-08-12,6.7983,pinnacle
Hexarelin,2026-08-13,6.7983,pinnacle
Hexarelin,2026-09-07,6.7983,pinnacle
Hexarelin,2026-09-08,6.7983,pinnacle
Hexarelin,2026-09-11,5.6,atomik
Hexarelin,2026-09-12,5.6,atomik
Hexarelin,2026-09-13,5.6,atomik
Hexarelin,2026-09-14,5.6,atomik
Hexarelin,2026-09-15,5.6,atomik
Hexarelin,2026-09-16,5.6,atomik
Hexarelin,2026-09-17,5.6,atomik
Hexarelin,2026-09-18,5.6,atomik
Hexarelin,2026-09-19,5.6,atomik
Hexarelin,2026-09-20,5.6,atomik
Hexarelin,2026-09-21,5.6,atomik
Hexarelin,2026-09-22,5.6,atomik
Hexarelin,2026-09-23,5.6,atomik
Hexarelin,2026-09-24,5.6,atomik
Humanin,2026-06-02,10.115,labsourced
Humanin,2026-06-03,10.115,labsourced
Humanin,2026-06-05,10.115,labsourced
Humanin,2026-06-08,10.115,labsourced
Humanin,2026-06-09,10.115,labsourced
Humanin,2026-06-10,10.115,labsourced
Humanin,2026-06-11,10.115,labsourced
Humanin,2026-06-12,10.115,labsourced
Humanin,2026-06-15,10.115,labsourced
Humanin,2026-06-16,10.115,labsourced
Humanin,2026-06-17,10.115,labsourced
Humanin,2026-06-18,10.115,labsourced
Humanin,2026-06-19,10.115,labsourced
Humanin,2026-06-20,10.115,labsourced
Humanin,2026-06-21,10.115,labsourced
Humanin,2026-06-22,10.115,labsourced
Humanin,2026-06-23,10.115,labsourced
Humanin,2026-06-24,10.115,labsourced
Humanin,2026-06-25,10.115,labsourced
Humanin,2026-06-26,10.115,labsourced
Humanin,2026-07-06,10.115,labsourced
Humanin,2026-07-09,10.115,labsourced
Humanin,2026-07-10,10.115,labsourced
Humanin,2026-07-11,10.115,labsourced
Humanin,2026-07-12,10.115,labsourced
Humanin,2026-07-13,10.115,labsourced
Humanin,2026-07-14,10.115,labsourced
Humanin,2026-07-15,10.115,labsourced
Humanin,2026-07-16,10.115,labsourced
Humanin,2026-07-19,10.115,labsourced
Humanin,2026-07-20,10.115,labsourced
Humanin,2026-07-23,10.115,labsourced
Humanin,2026-07-24,10.115,labsourced
Humanin,2026-07-25,10.115,labsourced
Humanin,2026-07-26,10.115,labsourced
Humanin,2026-07-27,10.115,labsourced
Humanin,2026-07-28,10.115,labsourced
Humanin,2026-07-29,10.115,labsourced
Humanin,2026-07-30,10.115,labsourced
Humanin,2026-07-31,10.115,labsourced
Humanin,2026-08-01,10.115,labsourced
Humanin,2026-08-02,10.115,labsourced
Humanin,2026-08-03,10.115,labsourced
Humanin,2026-08-04,10.115,labsourced
Humanin,2026-08-05,10.115,labsourced
Humanin,2026-08-06,10.115,labsourced
Humanin,2026-08-07,10.115,labsourced
Humanin,2026-08-08,10.115,labsourced
Humanin,2026-08-09,10.115,labsourced
Humanin,2026-08-10,10.115,labsourced
Humanin,2026-08-11,10.115,labsourced
Humanin,2026-08-12,10.115,labsourced
Humanin,2026-08-13,10.115,labsourced
Humanin,2026-09-07,10.115,labsourced
Humanin,2026-09-08,10.115,labsourced
Humanin,2026-09-11,10.115,labsourced
Humanin,2026-09-12,10.115,labsourced
Humanin,2026-09-13,10.115,labsourced
Humanin,2026-09-14,10.115,labsourced
Humanin,2026-09-15,10.115,labsourced
Humanin,2026-09-16,10.115,labsourced
Humanin,2026-09-17,10.115,labsourced
Humanin,2026-09-18,10.115,labsourced
Humanin,2026-09-19,10.115,labsourced
Humanin,2026-09-20,10.115,labsourced
Humanin,2026-09-21,10.115,labsourced
Humanin,2026-09-22,10.115,labsourced
Humanin,2026-09-23,10.115,labsourced
Humanin,2026-09-24,10.115,labsourced
IGF-1 LR3,2026-06-02,74.95,puratek
IGF-1 LR3,2026-06-03,58.6415,fusion
IGF-1 LR3,2026-06-05,29.3165,fusion
IGF-1 LR3,2026-06-08,29.3165,fusion
IGF-1 LR3,2026-06-09,29.3165,fusion
IGF-1 LR3,2026-06-10,74.95,puratek
IGF-1 LR3,2026-06-11,74.95,puratek
IGF-1 LR3,2026-06-12,53.991,lapeptides
IGF-1 LR3,2026-06-15,53.991,lapeptides
IGF-1 LR3,2026-06-16,41.3,glowaminos
IGF-1 LR3,2026-06-17,41.3,glowaminos
IGF-1 LR3,2026-06-18,41.3,glowaminos
IGF-1 LR3,2026-06-19,41.3,glowaminos
IGF-1 LR3,2026-06-20,41.3,glowaminos
IGF-1 LR3,2026-06-21,41.3,glowaminos
IGF-1 LR3,2026-06-22,41.3,glowaminos
IGF-1 LR3,2026-06-23,41.3,glowaminos
IGF-1 LR3,2026-06-24,41.3,glowaminos
IGF-1 LR3,2026-06-25,41.3,glowaminos
IGF-1 LR3,2026-06-26,41.3,glowaminos
IGF-1 LR3,2026-07-06,41.3,glowaminos
IGF-1 LR3,2026-07-09,41.3,glowaminos
IGF-1 LR3,2026-07-10,41.3,glowaminos
IGF-1 LR3,2026-07-11,41.3,glowaminos
IGF-1 LR3,2026-07-12,41.3,glowaminos
IGF-1 LR3,2026-07-13,41.3,glowaminos
IGF-1 LR3,2026-07-14,41.3,glowaminos
IGF-1 LR3,2026-07-15,41.3,glowaminos
IGF-1 LR3,2026-07-16,41.3,glowaminos
IGF-1 LR3,2026-07-19,41.3,glowaminos
IGF-1 LR3,2026-07-20,41.3,glowaminos
IGF-1 LR3,2026-07-23,41.3,glowaminos
IGF-1 LR3,2026-07-24,41.3,glowaminos
IGF-1 LR3,2026-07-25,41.3,glowaminos
IGF-1 LR3,2026-07-26,41.3,glowaminos
IGF-1 LR3,2026-07-27,41.3,glowaminos
IGF-1 LR3,2026-07-28,41.3,glowaminos
IGF-1 LR3,2026-07-29,41.3,glowaminos
IGF-1 LR3,2026-07-30,41.3,glowaminos
IGF-1 LR3,2026-07-31,41.3,glowaminos
IGF-1 LR3,2026-08-01,41.3,glowaminos
IGF-1 LR3,2026-08-02,41.3,glowaminos
IGF-1 LR3,2026-08-03,41.3,glowaminos
IGF-1 LR3,2026-08-04,41.3,glowaminos
IGF-1 LR3,2026-08-05,28.91,glowaminos
IGF-1 LR3,2026-08-06,28.91,glowaminos
IGF-1 LR3,2026-08-07,28.91,glowaminos
IGF-1 LR3,2026-08-08,28.91,glowaminos
IGF-1 LR3,2026-08-09,28.91,glowaminos
IGF-1 LR3,2026-08-10,28.91,glowaminos
IGF-1 LR3,2026-08-11,28.91,glowaminos
IGF-1 LR3,2026-08-12,28.91,glowaminos
IGF-1 LR3,2026-08-13,28.91,glowaminos
IGF-1 LR3,2026-09-07,28.91,glowaminos
IGF-1 LR3,2026-09-08,28.91,glowaminos
IGF-1 LR3,2026-09-11,28.91,glowaminos
IGF-1 LR3,2026-09-12,28.91,glowaminos
IGF-1 LR3,2026-09-13,28.91,glowaminos
IGF-1 LR3,2026-09-14,28.91,glowaminos
IGF-1 LR3,2026-09-15,28.91,glowaminos
IGF-1 LR3,2026-09-16,28.91,glowaminos
IGF-1 LR3,2026-09-17,28.91,glowaminos
IGF-1 LR3,2026-09-18,28.91,glowaminos
IGF-1 LR3,2026-09-19,28.91,glowaminos
IGF-1 LR3,2026-09-20,28.91,glowaminos
IGF-1 LR3,2026-09-21,28.91,glowaminos
IGF-1 LR3,2026-09-22,28.91,glowaminos
IGF-1 LR3,2026-09-23,28.91,glowaminos
IGF-1 LR3,2026-09-24,28.91,glowaminos
Ipamorelin,2026-06-01,3.96,ezpeptides
Ipamorelin,2026-06-02,3.795,puratek
Ipamorelin,2026-06-03,3.795,puratek
Ipamorelin,2026-06-05,3.795,puratek
Ipamorelin,2026-06-08,3.795,puratek
Ipamorelin,2026-06-09,3.795,puratek
Ipamorelin,2026-06-10,3.795,puratek
Ipamorelin,2026-06-11,3.795,puratek
Ipamorelin,2026-06-12,3.795,puratek
Ipamorelin,2026-06-15,3.795,puratek
Ipamorelin,2026-06-16,3.795,puratek
Ipamorelin,2026-06-17,3.795,puratek
Ipamorelin,2026-06-18,3.795,puratek
Ipamorelin,2026-06-19,3.795,puratek
Ipamorelin,2026-06-20,3.795,puratek
Ipamorelin,2026-06-21,3.795,puratek
Ipamorelin,2026-06-22,3.795,puratek
Ipamorelin,2026-06-23,3.795,puratek
Ipamorelin,2026-06-24,3.795,puratek
Ipamorelin,2026-06-25,3.795,puratek
Ipamorelin,2026-06-26,3.795,puratek
Ipamorelin,2026-07-06,3.795,puratek
Ipamorelin,2026-07-09,3.795,puratek
Ipamorelin,2026-07-10,3.795,puratek
Ipamorelin,2026-07-11,3.795,puratek
Ipamorelin,2026-07-12,3.795,puratek
Ipamorelin,2026-07-13,3.795,puratek
Ipamorelin,2026-07-14,2.89,platinum
Ipamorelin,2026-07-15,2.89,platinum
Ipamorelin,2026-07-16,2.89,platinum
Ipamorelin,2026-07-19,2.89,platinum
Ipamorelin,2026-07-20,2.89,platinum
Ipamorelin,2026-07-23,2.89,platinum
Ipamorelin,2026-07-24,2.89,platinum
Ipamorelin,2026-07-25,2.89,platinum
Ipamorelin,2026-07-26,2.89,platinum
Ipamorelin,2026-07-27,2.89,platinum
Ipamorelin,2026-07-28,2.89,platinum
Ipamorelin,2026-07-29,1.4441,fusion
Ipamorelin,2026-07-30,3.795,puratek
Ipamorelin,2026-07-31,3.795,puratek
Ipamorelin,2026-08-01,3.795,puratek
Ipamorelin,2026-08-02,3.795,puratek
Ipamorelin,2026-08-03,3.795,puratek
Ipamorelin,2026-08-04,3.795,puratek
Ipamorelin,2026-08-05,3.136,glowaminos
Ipamorelin,2026-08-06,3.136,glowaminos
Ipamorelin,2026-08-07,3.136,glowaminos
Ipamorelin,2026-08-08,3.136,glowaminos
Ipamorelin,2026-08-09,3.136,glowaminos
Ipamorelin,2026-08-10,3.136,glowaminos
Ipamorelin,2026-08-11,3.136,glowaminos
Ipamorelin,2026-08-12,3.136,glowaminos
Ipamorelin,2026-08-13,3.136,glowaminos
Ipamorelin,2026-09-07,3.136,glowaminos
Ipamorelin,2026-09-08,3.136,glowaminos
Ipamorelin,2026-09-11,3.136,glowaminos
Ipamorelin,2026-09-12,3.136,glowaminos
Ipamorelin,2026-09-13,3.136,glowaminos
Ipamorelin,2026-09-14,3.136,glowaminos
Ipamorelin,2026-09-15,3.136,glowaminos
Ipamorelin,2026-09-16,3.136,glowaminos
Ipamorelin,2026-09-17,3.136,glowaminos
Ipamorelin,2026-09-18,3.136,glowaminos
Ipamorelin,2026-09-19,3.136,glowaminos
Ipamorelin,2026-09-20,3.136,glowaminos
Ipamorelin,2026-09-21,3.136,glowaminos
Ipamorelin,2026-09-22,3.136,glowaminos
Ipamorelin,2026-09-23,3.136,glowaminos
Ipamorelin,2026-09-24,3.136,glowaminos
KPV,2026-06-01,3.825,nura
KPV,2026-06-02,3.495,puratek
KPV,2026-06-03,3.495,puratek
KPV,2026-06-05,2.0825,fusion
KPV,2026-06-08,2.0825,fusion
KPV,2026-06-09,2.0825,fusion
KPV,2026-06-10,3.2291,fusion
KPV,2026-06-11,3.2291,fusion
KPV,2026-06-12,3.2291,fusion
KPV,2026-06-15,3.2291,fusion
KPV,2026-06-16,3.2291,fusion
KPV,2026-06-17,3.2291,fusion
KPV,2026-06-18,3.2291,fusion
KPV,2026-06-19,3.2291,fusion
KPV,2026-06-20,3.2291,fusion
KPV,2026-06-21,3.2291,fusion
KPV,2026-06-22,3.2291,fusion
KPV,2026-06-23,3.2291,fusion
KPV,2026-06-24,2.5,ascension
KPV,2026-06-25,2.5,ascension
KPV,2026-06-26,2.5,ascension
KPV,2026-07-06,2.5,ascension
KPV,2026-07-09,2.5,ascension
KPV,2026-07-10,2.5,ascension
KPV,2026-07-11,2.5,ascension
KPV,2026-07-12,2.5,ascension
KPV,2026-07-13,2.5,ascension
KPV,2026-07-14,2.5,ascension
KPV,2026-07-15,2.5,ascension
KPV,2026-07-16,2.5,ascension
KPV,2026-07-19,2.5,ascension
KPV,2026-07-20,2.5,ascension
KPV,2026-07-23,2.5,ascension
KPV,2026-07-24,2.5,ascension
KPV,2026-07-25,2.5,ascension
KPV,2026-07-26,2.5,ascension
KPV,2026-07-27,2.5,ascension
KPV,2026-07-28,2.5,ascension
KPV,2026-07-29,2.5,ascension
KPV,2026-07-30,2.5,ascension
KPV,2026-07-31,2.5,ascension
KPV,2026-08-01,2.5,ascension
KPV,2026-08-02,2.3453,glowlab
KPV,2026-08-03,2.3453,glowlab
KPV,2026-08-04,2.3453,glowlab
KPV,2026-08-05,2.3453,glowlab
KPV,2026-08-06,2.3453,glowlab
KPV,2026-08-07,2.3453,glowlab
KPV,2026-08-08,2.3453,glowlab
KPV,2026-08-09,2.3453,glowlab
KPV,2026-08-10,2.3453,glowlab
KPV,2026-08-11,2.3453,glowlab
KPV,2026-08-12,2.3453,glowlab
KPV,2026-08-13,2.3453,glowlab
KPV,2026-09-07,2.3453,glowlab
KPV,2026-09-08,2.3453,glowlab
KPV,2026-09-11,2.3453,glowlab
KPV,2026-09-12,2.3453,glowlab
KPV,2026-09-13,2.3453,glowlab
KPV,2026-09-14,2.3453,glowlab
KPV,2026-09-15,2.3453,glowlab
KPV,2026-09-16,2.3453,glowlab
KPV,2026-09-17,2.3453,glowlab
KPV,2026-09-18,2.3453,glowlab
KPV,2026-09-19,2.3453,glowlab
KPV,2026-09-20,2.3453,glowlab
KPV,2026-09-21,2.3453,glowlab
KPV,2026-09-22,2.3453,glowlab
KPV,2026-09-23,2.3453,glowlab
KPV,2026-09-24,2.3453,glowlab
Kisspeptin,2026-06-02,5.995,puratek
Kisspeptin,2026-06-03,5.995,puratek
Kisspeptin,2026-06-05,5.995,puratek
Kisspeptin,2026-06-08,5.995,puratek
Kisspeptin,2026-06-09,5.995,puratek
Kisspeptin,2026-06-10,5.995,puratek
Kisspeptin,2026-06-11,5.995,puratek
Kisspeptin,2026-06-12,5.995,puratek
Kisspeptin,2026-06-15,5.995,puratek
Kisspeptin,2026-06-16,5.995,puratek
Kisspeptin,2026-06-17,5.995,puratek
Kisspeptin,2026-06-18,5.995,puratek
Kisspeptin,2026-06-19,5.995,puratek
Kisspeptin,2026-06-20,5.995,puratek
Kisspeptin,2026-06-21,5.995,puratek
Kisspeptin,2026-06-22,5.995,puratek
Kisspeptin,2026-06-23,3.2291,fusion
Kisspeptin,2026-06-24,3.2291,fusion
Kisspeptin,2026-06-25,3.2291,fusion
Kisspeptin,2026-06-26,3.2291,fusion
Kisspeptin,2026-07-06,3.2291,fusion
Kisspeptin,2026-07-09,2.465,ion
Kisspeptin,2026-07-10,2.465,ion
Kisspeptin,2026-07-11,2.465,ion
Kisspeptin,2026-07-12,2.465,ion
Kisspeptin,2026-07-13,2.465,ion
Kisspeptin,2026-07-14,2.465,ion
Kisspeptin,2026-07-15,2.465,ion
Kisspeptin,2026-07-16,2.465,ion
Kisspeptin,2026-07-19,2.465,ion
Kisspeptin,2026-07-20,2.465,ion
Kisspeptin,2026-07-23,2.465,ion
Kisspeptin,2026-07-24,2.465,ion
Kisspeptin,2026-07-25,2.465,ion
Kisspeptin,2026-07-26,2.465,ion
Kisspeptin,2026-07-27,2.465,ion
Kisspeptin,2026-07-28,2.465,ion
Kisspeptin,2026-07-29,2.465,ion
Kisspeptin,2026-07-30,3.315,ion
Kisspeptin,2026-07-31,3.315,ion
Kisspeptin,2026-08-01,3.315,ion
Kisspeptin,2026-08-02,3.315,ion
Kisspeptin,2026-08-03,3.315,ion
Kisspeptin,2026-08-04,3.315,ion
Kisspeptin,2026-08-05,2.401,glowaminos
Kisspeptin,2026-08-06,2.401,glowaminos
Kisspeptin,2026-08-07,2.401,glowaminos
Kisspeptin,2026-08-08,2.401,glowaminos
Kisspeptin,2026-08-09,2.401,glowaminos
Kisspeptin,2026-08-10,2.401,glowaminos
Kisspeptin,2026-08-11,2.401,glowaminos
Kisspeptin,2026-08-12,2.401,glowaminos
Kisspeptin,2026-08-13,2.401,glowaminos
Kisspeptin,2026-09-07,2.401,glowaminos
Kisspeptin,2026-09-08,2.401,glowaminos
Kisspeptin,2026-09-11,2.401,glowaminos
Kisspeptin,2026-09-12,2.401,glowaminos
Kisspeptin,2026-09-13,2.401,glowaminos
Kisspeptin,2026-09-14,2.401,glowaminos
Kisspeptin,2026-09-15,2.401,glowaminos
Kisspeptin,2026-09-16,2.401,glowaminos
Kisspeptin,2026-09-17,2.401,glowaminos
Kisspeptin,2026-09-18,2.401,glowaminos
Kisspeptin,2026-09-19,2.401,glowaminos
Kisspeptin,2026-09-20,2.401,glowaminos
Kisspeptin,2026-09-21,2.401,glowaminos
Kisspeptin,2026-09-22,2.401,glowaminos
Kisspeptin,2026-09-23,2.401,glowaminos
Kisspeptin,2026-09-24,2.401,glowaminos
Klow Blend,2026-06-01,1.1025,ezpeptides
Klow Blend,2026-06-02,1.1025,ezpeptides
Klow Blend,2026-06-03,1.1025,ezpeptides
Klow Blend,2026-06-05,0.6853,fusion
Klow Blend,2026-06-08,0.6853,fusion
Klow Blend,2026-06-09,0.8553,fusion
Klow Blend,2026-06-10,0.9381,retaone
Klow Blend,2026-06-11,0.9381,retaone
Klow Blend,2026-06-12,0.9381,retaone
Klow Blend,2026-06-15,0.9381,retaone
Klow Blend,2026-06-16,0.9381,retaone
Klow Blend,2026-06-17,0.9381,retaone
Klow Blend,2026-06-18,0.9381,retaone
Klow Blend,2026-06-19,0.9381,retaone
Klow Blend,2026-06-20,0.9381,retaone
Klow Blend,2026-06-21,0.9381,retaone
Klow Blend,2026-06-22,0.9381,retaone
Klow Blend,2026-06-23,0.9381,retaone
Klow Blend,2026-06-24,0.8625,ascension
Klow Blend,2026-06-25,0.8625,ascension
Klow Blend,2026-06-26,0.8625,ascension
Klow Blend,2026-07-06,0.8625,ascension
Klow Blend,2026-07-09,0.765,amp
Klow Blend,2026-07-10,0.765,amp
Klow Blend,2026-07-11,0.765,amp
Klow Blend,2026-07-12,0.765,amp
Klow Blend,2026-07-13,0.765,amp
Klow Blend,2026-07-14,0.765,amp
Klow Blend,2026-07-15,0.765,amp
Klow Blend,2026-07-16,0.765,amp
Klow Blend,2026-07-19,0.765,amp
Klow Blend,2026-07-20,0.765,amp
Klow Blend,2026-07-23,0.765,amp
Klow Blend,2026-07-24,0.765,amp
Klow Blend,2026-07-25,0.765,amp
Klow Blend,2026-07-26,0.765,amp
Klow Blend,2026-07-27,0.765,amp
Klow Blend,2026-07-28,0.765,amp
Klow Blend,2026-07-29,0.765,amp
Klow Blend,2026-07-30,0.765,amp
Klow Blend,2026-07-31,0.765,amp
Klow Blend,2026-08-01,0.765,amp
Klow Blend,2026-08-02,0.7503,glowlab
Klow Blend,2026-08-03,0.7503,glowlab
Klow Blend,2026-08-04,0.7503,glowlab
Klow Blend,2026-08-05,0.7503,glowlab
Klow Blend,2026-08-06,0.7503,glowlab
Klow Blend,2026-08-07,0.7503,glowlab
Klow Blend,2026-08-08,0.7503,glowlab
Klow Blend,2026-08-09,0.7503,glowlab
Klow Blend,2026-08-10,0.7503,glowlab
Klow Blend,2026-08-11,0.7503,glowlab
Klow Blend,2026-08-12,0.7503,glowlab
Klow Blend,2026-08-13,0.7503,glowlab
Klow Blend,2026-09-07,0.7503,glowlab
Klow Blend,2026-09-08,0.7503,glowlab
Klow Blend,2026-09-11,0.7503,glowlab
Klow Blend,2026-09-12,0.7503,glowlab
Klow Blend,2026-09-13,0.7503,glowlab
Klow Blend,2026-09-14,0.7503,glowlab
Klow Blend,2026-09-15,0.7503,glowlab
Klow Blend,2026-09-16,0.7503,glowlab
Klow Blend,2026-09-17,0.7503,glowlab
Klow Blend,2026-09-18,0.7503,glowlab
Klow Blend,2026-09-19,0.7503,glowlab
Klow Blend,2026-09-20,0.7503,glowlab
Klow Blend,2026-09-21,0.7503,glowlab
Klow Blend,2026-09-22,0.7503,glowlab
Klow Blend,2026-09-23,0.7503,glowlab
Klow Blend,2026-09-24,0.7503,glowlab
LL-37,2026-06-02,3.5991,milehigh
LL-37,2026-06-03,3.5991,milehigh
LL-37,2026-06-05,3.5991,milehigh
LL-37,2026-06-08,3.5991,milehigh
LL-37,2026-06-09,3.5991,milehigh
LL-37,2026-06-10,3.5991,milehigh
LL-37,2026-06-11,3.5991,milehigh
LL-37,2026-06-12,3.3992,innoamino
LL-37,2026-06-15,3.3992,innoamino
LL-37,2026-06-16,3.3992,innoamino
LL-37,2026-06-17,3.3992,innoamino
LL-37,2026-06-18,3.3992,innoamino
LL-37,2026-06-19,3.3992,innoamino
LL-37,2026-06-20,3.3992,innoamino
LL-37,2026-06-21,3.3992,innoamino
LL-37,2026-06-22,3.3992,innoamino
LL-37,2026-06-23,3.3992,innoamino
LL-37,2026-06-24,3.3992,innoamino
LL-37,2026-06-25,3.3992,innoamino
LL-37,2026-06-26,3.3992,innoamino
LL-37,2026-07-06,3.3992,innoamino
LL-37,2026-07-09,3.3992,innoamino
LL-37,2026-07-10,3.3992,innoamino
LL-37,2026-07-11,3.3992,innoamino
LL-37,2026-07-12,3.3992,innoamino
LL-37,2026-07-13,3.3992,innoamino
LL-37,2026-07-14,3.3992,innoamino
LL-37,2026-07-15,3.3992,innoamino
LL-37,2026-07-16,3.3992,innoamino
LL-37,2026-07-19,3.3992,innoamino
LL-37,2026-07-20,3.3992,innoamino
LL-37,2026-07-23,3.3992,innoamino
LL-37,2026-07-24,3.3992,innoamino
LL-37,2026-07-25,3.3992,innoamino
LL-37,2026-07-26,3.3992,innoamino
LL-37,2026-07-27,3.3992,innoamino
LL-37,2026-07-28,3.3992,innoamino
LL-37,2026-07-29,3.3992,innoamino
LL-37,2026-07-30,3.3992,innoamino
LL-37,2026-07-31,3.3992,innoamino
LL-37,2026-08-01,3.3992,innoamino
LL-37,2026-08-02,3.3992,innoamino
LL-37,2026-08-03,3.3992,innoamino
LL-37,2026-08-04,3.3992,innoamino
LL-37,2026-08-05,3.3992,innoamino
LL-37,2026-08-06,3.3992,innoamino
LL-37,2026-08-07,3.3992,innoamino
LL-37,2026-08-08,3.3992,innoamino
LL-37,2026-08-09,3.3992,innoamino
LL-37,2026-08-10,3.3992,innoamino
LL-37,2026-08-11,3.3992,innoamino
LL-37,2026-08-12,3.3992,innoamino
LL-37,2026-08-13,3.3992,innoamino
LL-37,2026-09-07,3.5991,milehigh
LL-37,2026-09-08,3.5991,milehigh
LL-37,2026-09-11,3.5991,milehigh
LL-37,2026-09-12,3.5991,milehigh
LL-37,2026-09-13,3.5991,milehigh
LL-37,2026-09-14,3.5991,milehigh
LL-37,2026-09-15,3.5991,milehigh
LL-37,2026-09-16,3.5991,milehigh
LL-37,2026-09-17,3.5991,milehigh
LL-37,2026-09-18,3.5991,milehigh
LL-37,2026-09-19,3.5991,milehigh
LL-37,2026-09-20,3.5991,milehigh
LL-37,2026-09-21,3.5991,milehigh
LL-37,2026-09-22,3.5991,milehigh
LL-37,2026-09-23,3.5991,milehigh
LL-37,2026-09-24,3.5991,milehigh
Lipo-C,2026-06-01,5.22,ezpeptides
Lipo-C,2026-06-02,5.22,ezpeptides
Lipo-C,2026-06-03,4.5892,fusion
Lipo-C,2026-06-05,2.295,fusion
Lipo-C,2026-06-08,2.295,fusion
Lipo-C,2026-06-09,2.295,fusion
Lipo-C,2026-06-10,5.22,ezpeptides
Lipo-C,2026-06-11,5.22,ezpeptides
Lipo-C,2026-06-12,5.22,ezpeptides
Lipo-C,2026-06-15,5.22,ezpeptides
Lipo-C,2026-06-16,5.22,ezpeptides
Lipo-C,2026-06-17,5.22,ezpeptides
Lipo-C,2026-06-18,5.22,ezpeptides
Lipo-C,2026-06-19,5.22,ezpeptides
Lipo-C,2026-06-20,5.22,ezpeptides
Lipo-C,2026-06-21,5.22,ezpeptides
Lipo-C,2026-06-22,5.22,ezpeptides
Lipo-C,2026-06-23,5.22,ezpeptides
Lipo-C,2026-06-24,5.22,ezpeptides
Lipo-C,2026-06-25,5.22,ezpeptides
Lipo-C,2026-06-26,5.22,ezpeptides
Lipo-C,2026-07-06,5.22,ezpeptides
Lipo-C,2026-07-09,5.22,ezpeptides
Lipo-C,2026-07-10,5.22,ezpeptides
Lipo-C,2026-07-11,5.22,ezpeptides
Lipo-C,2026-07-12,5.22,ezpeptides
Lipo-C,2026-07-13,5.22,ezpeptides
Lipo-C,2026-07-14,5.22,ezpeptides
Lipo-C,2026-07-15,5.22,ezpeptides
Lipo-C,2026-07-16,5.22,ezpeptides
Lipo-C,2026-07-19,5.22,ezpeptides
Lipo-C,2026-07-20,5.22,ezpeptides
Lipo-C,2026-07-23,3.315,platinum
Lipo-C,2026-07-24,3.315,platinum
Lipo-C,2026-07-25,3.315,platinum
Lipo-C,2026-07-26,3.315,platinum
Lipo-C,2026-07-27,3.315,platinum
Lipo-C,2026-07-28,3.315,platinum
Lipo-C,2026-07-29,3.315,platinum
Lipo-C,2026-07-30,3.315,platinum
Lipo-C,2026-07-31,3.315,platinum
Lipo-C,2026-08-01,5.22,ezpeptides
Lipo-C,2026-08-02,5.22,ezpeptides
Lipo-C,2026-08-03,5.22,ezpeptides
Lipo-C,2026-08-04,3.315,platinum
Lipo-C,2026-08-05,3.315,platinum
Lipo-C,2026-08-06,3.315,platinum
Lipo-C,2026-08-07,3.315,platinum
Lipo-C,2026-08-08,3.315,platinum
Lipo-C,2026-08-09,3.315,platinum
Lipo-C,2026-08-10,3.315,platinum
Lipo-C,2026-08-11,3.315,platinum
Lipo-C,2026-08-12,3.315,platinum
Lipo-C,2026-08-13,3.315,platinum
Lipo-C,2026-09-07,3.315,platinum
Lipo-C,2026-09-08,3.315,platinum
Lipo-C,2026-09-11,3.315,platinum
Lipo-C,2026-09-12,3.315,platinum
Lipo-C,2026-09-13,3.315,platinum
Lipo-C,2026-09-14,3.315,platinum
Lipo-C,2026-09-15,3.315,platinum
Lipo-C,2026-09-16,3.315,platinum
Lipo-C,2026-09-17,3.315,platinum
Lipo-C,2026-09-18,3.315,platinum
Lipo-C,2026-09-19,3.315,platinum
Lipo-C,2026-09-20,3.315,platinum
Lipo-C,2026-09-21,3.315,platinum
Lipo-C,2026-09-22,3.315,platinum
Lipo-C,2026-09-23,3.315,platinum
Lipo-C,2026-09-24,3.315,platinum
Liraglutide,2026-07-13,16.9915,platinum
Liraglutide,2026-07-14,16.83,platinum
Liraglutide,2026-07-15,16.83,platinum
Liraglutide,2026-07-16,16.83,platinum
Liraglutide,2026-07-19,16.83,platinum
Liraglutide,2026-07-20,16.83,platinum
Liraglutide,2026-07-23,16.83,platinum
Liraglutide,2026-07-24,16.83,platinum
Liraglutide,2026-07-25,16.83,platinum
Liraglutide,2026-07-26,16.83,platinum
Liraglutide,2026-07-27,16.83,platinum
Liraglutide,2026-07-28,16.83,platinum
Liraglutide,2026-07-29,16.83,platinum
Liraglutide,2026-07-30,16.83,platinum
Liraglutide,2026-07-31,16.83,platinum
Liraglutide,2026-08-01,16.83,platinum
Liraglutide,2026-08-02,16.83,platinum
Liraglutide,2026-08-03,16.83,platinum
Liraglutide,2026-08-04,16.83,platinum
Liraglutide,2026-08-05,16.83,platinum
Liraglutide,2026-08-06,16.83,platinum
Liraglutide,2026-08-07,16.83,platinum
Liraglutide,2026-08-08,16.83,platinum
Liraglutide,2026-08-09,16.83,platinum
Liraglutide,2026-08-10,16.83,platinum
Liraglutide,2026-08-11,16.83,platinum
Liraglutide,2026-08-12,16.83,platinum
Liraglutide,2026-08-13,16.83,platinum
Liraglutide,2026-09-07,16.83,platinum
Liraglutide,2026-09-08,16.83,platinum
Liraglutide,2026-09-11,16.83,platinum
Liraglutide,2026-09-12,16.83,platinum
Liraglutide,2026-09-13,16.83,platinum
Liraglutide,2026-09-14,16.83,platinum
Liraglutide,2026-09-15,16.83,platinum
Liraglutide,2026-09-16,16.83,platinum
Liraglutide,2026-09-17,16.83,platinum
Liraglutide,2026-09-18,16.83,platinum
Liraglutide,2026-09-19,16.83,platinum
Liraglutide,2026-09-20,16.83,platinum
Liraglutide,2026-09-21,16.83,platinum
Liraglutide,2026-09-22,16.83,platinum
Liraglutide,2026-09-23,16.83,platinum
Liraglutide,2026-09-24,16.83,platinum
MOTS-c,2026-06-01,3.315,atomik
MOTS-c,2026-06-02,3.315,atomik
MOTS-c,2026-06-03,3.315,atomik
MOTS-c,2026-06-05,2.295,fusion
MOTS-c,2026-06-08,2.295,fusion
MOTS-c,2026-06-09,0.14,apollo
MOTS-c,2026-06-10,0.14,apollo
MOTS-c,2026-06-11,0.14,apollo
MOTS-c,2026-06-12,0.14,apollo
MOTS-c,2026-06-15,0.14,apollo
MOTS-c,2026-06-16,0.14,apollo
MOTS-c,2026-06-17,0.14,apollo
MOTS-c,2026-06-18,0.14,apollo
MOTS-c,2026-06-19,1.71,retaone
MOTS-c,2026-06-20,1.71,retaone
MOTS-c,2026-06-21,1.71,retaone
MOTS-c,2026-06-22,1.71,retaone
MOTS-c,2026-06-23,1.71,retaone
MOTS-c,2026-06-24,1.71,retaone
MOTS-c,2026-06-25,1.71,retaone
MOTS-c,2026-06-26,1.71,retaone
MOTS-c,2026-07-06,1.71,retaone
MOTS-c,2026-07-09,0.7488,puratek
MOTS-c,2026-07-10,0.7488,puratek
MOTS-c,2026-07-11,0.7488,puratek
MOTS-c,2026-07-12,0.7488,puratek
MOTS-c,2026-07-13,0.7488,puratek
MOTS-c,2026-07-14,0.7488,puratek
MOTS-c,2026-07-15,0.7488,puratek
MOTS-c,2026-07-16,0.7488,puratek
MOTS-c,2026-07-19,0.7488,puratek
MOTS-c,2026-07-20,0.7488,puratek
MOTS-c,2026-07-23,0.7488,puratek
MOTS-c,2026-07-24,0.7488,puratek
MOTS-c,2026-07-25,0.7488,puratek
MOTS-c,2026-07-26,0.7488,puratek
MOTS-c,2026-07-27,0.7488,puratek
MOTS-c,2026-07-28,0.7488,puratek
MOTS-c,2026-07-29,0.7488,puratek
MOTS-c,2026-07-30,1.71,retaone
MOTS-c,2026-07-31,1.71,retaone
MOTS-c,2026-08-01,1.71,retaone
MOTS-c,2026-08-02,1.71,retaone
MOTS-c,2026-08-03,1.71,retaone
MOTS-c,2026-08-04,1.71,retaone
MOTS-c,2026-08-05,1.71,retaone
MOTS-c,2026-08-06,1.71,retaone
MOTS-c,2026-08-07,1.71,retaone
MOTS-c,2026-08-08,1.71,retaone
MOTS-c,2026-08-09,1.71,retaone
MOTS-c,2026-08-10,1.71,retaone
MOTS-c,2026-08-11,1.71,retaone
MOTS-c,2026-08-12,1.71,retaone
MOTS-c,2026-08-13,1.71,retaone
MOTS-c,2026-09-07,1.71,retaone
MOTS-c,2026-09-08,1.71,retaone
MOTS-c,2026-09-11,1.5592,atomik
MOTS-c,2026-09-12,1.5592,atomik
MOTS-c,2026-09-13,1.5592,atomik
MOTS-c,2026-09-14,1.5592,atomik
MOTS-c,2026-09-15,1.5592,atomik
MOTS-c,2026-09-16,1.5592,atomik
MOTS-c,2026-09-17,1.5592,atomik
MOTS-c,2026-09-18,1.5592,atomik
MOTS-c,2026-09-19,1.5592,atomik
MOTS-c,2026-09-20,1.5592,atomik
MOTS-c,2026-09-21,1.5592,atomik
MOTS-c,2026-09-22,1.5592,atomik
MOTS-c,2026-09-23,1.5592,atomik
MOTS-c,2026-09-24,1.5592,atomik
Mazdutide,2026-06-12,11.475,hydro
Mazdutide,2026-06-15,11.475,hydro
Mazdutide,2026-06-16,11.475,hydro
Mazdutide,2026-06-17,11.475,hydro
Mazdutide,2026-06-18,11.475,hydro
Mazdutide,2026-06-19,11.475,hydro
Mazdutide,2026-06-20,11.475,hydro
Mazdutide,2026-06-21,11.475,hydro
Mazdutide,2026-06-22,11.475,hydro
Mazdutide,2026-06-23,11.475,hydro
Mazdutide,2026-06-24,12.1333,glowaminos
Mazdutide,2026-06-25,12.1333,glowaminos
Mazdutide,2026-06-26,12.1333,glowaminos
Mazdutide,2026-07-06,12.1333,glowaminos
Mazdutide,2026-07-09,12.1333,glowaminos
Mazdutide,2026-07-10,12.1333,glowaminos
Mazdutide,2026-07-11,12.1333,glowaminos
Mazdutide,2026-07-12,12.1333,glowaminos
Mazdutide,2026-07-13,12.1333,glowaminos
Mazdutide,2026-07-14,12.1333,glowaminos
Mazdutide,2026-07-15,12.1333,glowaminos
Mazdutide,2026-07-16,12.1333,glowaminos
Mazdutide,2026-07-19,12.1333,glowaminos
Mazdutide,2026-07-20,12.1333,glowaminos
Mazdutide,2026-07-23,12.1333,glowaminos
Mazdutide,2026-07-24,12.1333,glowaminos
Mazdutide,2026-07-25,12.1333,glowaminos
Mazdutide,2026-07-26,12.1333,glowaminos
Mazdutide,2026-07-27,12.1333,glowaminos
Mazdutide,2026-07-28,12.1333,glowaminos
Mazdutide,2026-07-29,12.1333,glowaminos
Mazdutide,2026-07-30,12.1333,glowaminos
Mazdutide,2026-07-31,12.1333,glowaminos
Mazdutide,2026-08-01,12.1333,glowaminos
Mazdutide,2026-08-02,12.1333,glowaminos
Mazdutide,2026-08-03,12.1333,glowaminos
Mazdutide,2026-08-04,12.1333,glowaminos
Mazdutide,2026-08-05,8.4933,glowaminos
Mazdutide,2026-08-06,8.4933,glowaminos
Mazdutide,2026-08-07,8.4933,glowaminos
Mazdutide,2026-08-08,8.4933,glowaminos
Mazdutide,2026-08-09,8.4933,glowaminos
Mazdutide,2026-08-10,8.4933,glowaminos
Mazdutide,2026-08-11,8.4933,glowaminos
Mazdutide,2026-08-12,8.4933,glowaminos
Mazdutide,2026-08-13,8.4933,glowaminos
Mazdutide,2026-09-07,8.4933,glowaminos
Mazdutide,2026-09-08,8.4933,glowaminos
Mazdutide,2026-09-11,8.4933,glowaminos
Mazdutide,2026-09-12,8.4933,glowaminos
Mazdutide,2026-09-13,8.4933,glowaminos
Mazdutide,2026-09-14,8.4933,glowaminos
Mazdutide,2026-09-15,8.4933,glowaminos
Mazdutide,2026-09-16,8.4933,glowaminos
Mazdutide,2026-09-17,8.4933,glowaminos
Mazdutide,2026-09-18,8.4933,glowaminos
Mazdutide,2026-09-19,8.4933,glowaminos
Mazdutide,2026-09-20,8.4933,glowaminos
Mazdutide,2026-09-21,8.4933,glowaminos
Mazdutide,2026-09-22,8.4933,glowaminos
Mazdutide,2026-09-23,8.4933,glowaminos
Mazdutide,2026-09-24,8.4933,glowaminos
Melanotan I,2026-06-02,3.295,puratek
Melanotan I,2026-06-03,3.295,puratek
Melanotan I,2026-06-05,2.295,fusion
Melanotan I,2026-06-08,2.295,fusion
Melanotan I,2026-06-09,2.0,ascension
Melanotan I,2026-06-10,2.0,ascension
Melanotan I,2026-06-11,2.0,ascension
Melanotan I,2026-06-12,2.0,ascension
Melanotan I,2026-06-15,2.0,ascension
Melanotan I,2026-06-16,2.0,ascension
Melanotan I,2026-06-17,2.0,ascension
Melanotan I,2026-06-18,2.0,ascension
Melanotan I,2026-06-19,2.0,ascension
Melanotan I,2026-06-20,2.0,ascension
Melanotan I,2026-06-21,2.0,ascension
Melanotan I,2026-06-22,2.0,ascension
Melanotan I,2026-06-23,2.0,ascension
Melanotan I,2026-06-24,2.465,hydro
Melanotan I,2026-06-25,2.465,hydro
Melanotan I,2026-06-26,2.465,hydro
Melanotan I,2026-07-06,2.465,hydro
Melanotan I,2026-07-09,2.465,hydro
Melanotan I,2026-07-10,2.465,hydro
Melanotan I,2026-07-11,2.465,hydro
Melanotan I,2026-07-12,2.465,hydro
Melanotan I,2026-07-13,2.465,hydro
Melanotan I,2026-07-14,2.465,hydro
Melanotan I,2026-07-15,2.465,hydro
Melanotan I,2026-07-16,2.465,hydro
Melanotan I,2026-07-19,2.465,hydro
Melanotan I,2026-07-20,2.465,hydro
Melanotan I,2026-07-23,2.465,hydro
Melanotan I,2026-07-24,2.465,hydro
Melanotan I,2026-07-25,2.465,hydro
Melanotan I,2026-07-26,2.465,hydro
Melanotan I,2026-07-27,2.465,hydro
Melanotan I,2026-07-28,2.465,hydro
Melanotan I,2026-07-29,2.465,hydro
Melanotan I,2026-07-30,2.465,hydro
Melanotan I,2026-07-31,2.465,hydro
Melanotan I,2026-08-01,2.465,hydro
Melanotan I,2026-08-02,2.465,hydro
Melanotan I,2026-08-03,2.465,hydro
Melanotan I,2026-08-04,2.465,hydro
Melanotan I,2026-08-05,2.465,hydro
Melanotan I,2026-08-06,2.465,hydro
Melanotan I,2026-08-07,2.465,hydro
Melanotan I,2026-08-08,2.465,hydro
Melanotan I,2026-08-09,2.465,hydro
Melanotan I,2026-08-10,2.465,hydro
Melanotan I,2026-08-11,2.465,hydro
Melanotan I,2026-08-12,2.465,hydro
Melanotan I,2026-08-13,2.465,hydro
Melanotan I,2026-09-07,2.465,hydro
Melanotan I,2026-09-08,2.465,hydro
Melanotan I,2026-09-11,0.9227,atomik
Melanotan I,2026-09-12,0.9227,atomik
Melanotan I,2026-09-13,0.9227,atomik
Melanotan I,2026-09-14,0.9227,atomik
Melanotan I,2026-09-15,0.9227,atomik
Melanotan I,2026-09-16,0.9227,atomik
Melanotan I,2026-09-17,0.9227,atomik
Melanotan I,2026-09-18,0.9227,atomik
Melanotan I,2026-09-19,0.9227,atomik
Melanotan I,2026-09-20,0.9227,atomik
Melanotan I,2026-09-21,0.9227,atomik
Melanotan I,2026-09-22,0.9227,atomik
Melanotan I,2026-09-23,0.9227,atomik
Melanotan I,2026-09-24,0.9227,atomik
Melanotan II,2026-06-01,2.465,atomik
Melanotan II,2026-06-02,2.465,atomik
Melanotan II,2026-06-03,2.465,atomik
Melanotan II,2026-06-05,2.465,atomik
Melanotan II,2026-06-08,2.465,atomik
Melanotan II,2026-06-09,2.0,ascension
Melanotan II,2026-06-10,2.0,ascension
Melanotan II,2026-06-11,2.0,ascension
Melanotan II,2026-06-12,2.0,ascension
Melanotan II,2026-06-15,2.0,ascension
Melanotan II,2026-06-16,2.0,ascension
Melanotan II,2026-06-17,2.0,ascension
Melanotan II,2026-06-18,2.0,ascension
Melanotan II,2026-06-19,2.0,ascension
Melanotan II,2026-06-20,2.0,ascension
Melanotan II,2026-06-21,2.0,ascension
Melanotan II,2026-06-22,2.0,ascension
Melanotan II,2026-06-23,2.0,ascension
Melanotan II,2026-06-24,2.03,atomik
Melanotan II,2026-06-25,2.03,atomik
Melanotan II,2026-06-26,2.03,atomik
Melanotan II,2026-07-06,2.03,atomik
Melanotan II,2026-07-09,2.03,atomik
Melanotan II,2026-07-10,2.03,atomik
Melanotan II,2026-07-11,2.03,atomik
Melanotan II,2026-07-12,2.03,atomik
Melanotan II,2026-07-13,2.03,atomik
Melanotan II,2026-07-14,2.03,atomik
Melanotan II,2026-07-15,2.03,atomik
Melanotan II,2026-07-16,2.03,atomik
Melanotan II,2026-07-19,2.03,atomik
Melanotan II,2026-07-20,2.03,atomik
Melanotan II,2026-07-23,2.03,atomik
Melanotan II,2026-07-24,2.03,atomik
Melanotan II,2026-07-25,2.03,atomik
Melanotan II,2026-07-26,2.03,atomik
Melanotan II,2026-07-27,2.03,atomik
Melanotan II,2026-07-28,2.03,atomik
Melanotan II,2026-07-29,2.03,atomik
Melanotan II,2026-07-30,2.03,atomik
Melanotan II,2026-07-31,2.03,atomik
Melanotan II,2026-08-01,2.03,atomik
Melanotan II,2026-08-02,2.03,atomik
Melanotan II,2026-08-03,2.03,atomik
Melanotan II,2026-08-04,2.03,atomik
Melanotan II,2026-08-05,2.03,atomik
Melanotan II,2026-08-06,2.03,atomik
Melanotan II,2026-08-07,2.03,atomik
Melanotan II,2026-08-08,2.03,atomik
Melanotan II,2026-08-09,2.03,atomik
Melanotan II,2026-08-10,2.03,atomik
Melanotan II,2026-08-11,2.03,atomik
Melanotan II,2026-08-12,2.03,atomik
Melanotan II,2026-08-13,2.03,atomik
Melanotan II,2026-09-07,2.03,atomik
Melanotan II,2026-09-08,2.03,atomik
Melanotan II,2026-09-11,1.827,atomik
Melanotan II,2026-09-12,1.827,atomik
Melanotan II,2026-09-13,1.827,atomik
Melanotan II,2026-09-14,1.827,atomik
Melanotan II,2026-09-15,1.827,atomik
Melanotan II,2026-09-16,1.827,atomik
Melanotan II,2026-09-17,1.827,atomik
Melanotan II,2026-09-18,1.827,atomik
Melanotan II,2026-09-19,1.827,atomik
Melanotan II,2026-09-20,1.827,atomik
Melanotan II,2026-09-21,1.827,atomik
Melanotan II,2026-09-22,1.827,atomik
Melanotan II,2026-09-23,1.827,atomik
Melanotan II,2026-09-24,1.827,atomik
Methylene Blue,2026-06-02,0.34,ion
Methylene Blue,2026-06-03,0.34,ion
Methylene Blue,2026-06-05,0.34,ion
Methylene Blue,2026-06-08,0.34,ion
Methylene Blue,2026-06-09,0.34,ion
Methylene Blue,2026-06-10,0.34,ion
Methylene Blue,2026-06-11,0.34,ion
Methylene Blue,2026-06-12,0.34,ion
Methylene Blue,2026-06-15,0.34,ion
Methylene Blue,2026-06-16,0.34,ion
Methylene Blue,2026-06-17,0.34,ion
Methylene Blue,2026-06-18,0.34,ion
Methylene Blue,2026-06-19,0.34,ion
Methylene Blue,2026-06-20,0.34,ion
Methylene Blue,2026-06-21,0.34,ion
Methylene Blue,2026-06-22,0.34,ion
Methylene Blue,2026-06-23,0.34,ion
Methylene Blue,2026-06-24,0.34,ion
Methylene Blue,2026-06-25,0.34,ion
Methylene Blue,2026-06-26,0.34,ion
Methylene Blue,2026-07-06,0.0319,pinnacle
Methylene Blue,2026-07-09,0.0319,pinnacle
Methylene Blue,2026-07-10,0.0319,pinnacle
Methylene Blue,2026-07-11,0.0319,pinnacle
Methylene Blue,2026-07-12,0.0319,pinnacle
Methylene Blue,2026-07-13,0.0319,pinnacle
Methylene Blue,2026-07-14,0.0319,pinnacle
Methylene Blue,2026-07-15,0.0319,pinnacle
Methylene Blue,2026-07-16,0.0319,pinnacle
Methylene Blue,2026-07-19,0.0319,pinnacle
Methylene Blue,2026-07-20,0.0319,pinnacle
Methylene Blue,2026-07-23,0.0319,pinnacle
Methylene Blue,2026-07-24,0.0319,pinnacle
Methylene Blue,2026-07-25,0.0319,pinnacle
Methylene Blue,2026-07-26,0.0319,pinnacle
Methylene Blue,2026-07-27,0.0319,pinnacle
Methylene Blue,2026-07-28,0.0319,pinnacle
Methylene Blue,2026-07-29,0.0319,pinnacle
Methylene Blue,2026-07-30,0.0319,pinnacle
Methylene Blue,2026-07-31,0.0319,pinnacle
Methylene Blue,2026-08-01,0.0319,pinnacle
Methylene Blue,2026-08-02,0.0319,pinnacle
Methylene Blue,2026-08-03,0.0319,pinnacle
Methylene Blue,2026-08-04,0.0319,pinnacle
Methylene Blue,2026-08-05,0.0319,pinnacle
Methylene Blue,2026-08-06,0.0319,pinnacle
Methylene Blue,2026-08-07,0.0319,pinnacle
Methylene Blue,2026-08-08,0.0319,pinnacle
Methylene Blue,2026-08-09,0.0319,pinnacle
Methylene Blue,2026-08-10,0.0319,pinnacle
Methylene Blue,2026-08-11,0.0319,pinnacle
Methylene Blue,2026-08-12,0.0319,pinnacle
Methylene Blue,2026-08-13,0.0319,pinnacle
Methylene Blue,2026-09-07,0.0319,pinnacle
Methylene Blue,2026-09-08,0.0319,pinnacle
Methylene Blue,2026-09-11,0.0319,pinnacle
Methylene Blue,2026-09-12,0.0319,pinnacle
Methylene Blue,2026-09-13,0.0319,pinnacle
Methylene Blue,2026-09-14,0.0319,pinnacle
Methylene Blue,2026-09-15,0.0319,pinnacle
Methylene Blue,2026-09-16,0.0319,pinnacle
Methylene Blue,2026-09-17,0.0319,pinnacle
Methylene Blue,2026-09-18,0.0319,pinnacle
Methylene Blue,2026-09-19,0.0319,pinnacle
Methylene Blue,2026-09-20,0.0319,pinnacle
Methylene Blue,2026-09-21,0.0319,pinnacle
Methylene Blue,2026-09-22,0.0319,pinnacle
Methylene Blue,2026-09-23,0.0319,pinnacle
Methylene Blue,2026-09-24,0.0319,pinnacle
N-Acetyl Selank,2026-06-02,4.165,ion
N-Acetyl Selank,2026-06-03,4.165,ion
N-Acetyl Selank,2026-06-05,4.165,ion
N-Acetyl Selank,2026-06-08,4.165,ion
N-Acetyl Selank,2026-06-09,4.165,ion
N-Acetyl Selank,2026-06-10,4.165,ion
N-Acetyl Selank,2026-06-11,4.165,ion
N-Acetyl Selank,2026-06-12,4.165,ion
N-Acetyl Selank,2026-06-15,4.165,ion
N-Acetyl Selank,2026-06-16,4.165,ion
N-Acetyl Selank,2026-06-17,4.165,ion
N-Acetyl Selank,2026-06-18,4.165,ion
N-Acetyl Selank,2026-06-19,4.165,ion
N-Acetyl Selank,2026-06-20,4.165,ion
N-Acetyl Selank,2026-06-21,4.165,ion
N-Acetyl Selank,2026-06-22,4.165,ion
N-Acetyl Selank,2026-06-23,4.165,ion
N-Acetyl Selank,2026-06-24,4.165,ion
N-Acetyl Selank,2026-06-25,4.165,ion
N-Acetyl Selank,2026-06-26,4.165,ion
N-Acetyl Selank,2026-07-06,4.165,ion
N-Acetyl Selank,2026-07-09,4.165,ion
N-Acetyl Selank,2026-07-10,4.165,ion
N-Acetyl Selank,2026-07-11,4.165,ion
N-Acetyl Selank,2026-07-12,4.165,ion
N-Acetyl Selank,2026-07-13,4.165,ion
N-Acetyl Selank,2026-07-14,4.165,ion
N-Acetyl Selank,2026-07-15,4.165,ion
N-Acetyl Selank,2026-07-16,4.165,ion
N-Acetyl Selank,2026-07-19,4.165,ion
N-Acetyl Selank,2026-07-20,4.165,ion
N-Acetyl Selank,2026-07-23,4.165,ion
N-Acetyl Selank,2026-07-24,4.165,ion
N-Acetyl Selank,2026-07-25,4.165,ion
N-Acetyl Selank,2026-07-26,4.165,ion
N-Acetyl Selank,2026-07-27,4.165,ion
N-Acetyl Selank,2026-07-28,4.165,ion
N-Acetyl Selank,2026-07-29,4.165,ion
N-Acetyl Selank,2026-07-30,4.165,ion
N-Acetyl Selank,2026-07-31,4.165,ion
N-Acetyl Selank,2026-08-01,4.165,ion
N-Acetyl Selank,2026-08-02,4.165,ion
N-Acetyl Selank,2026-08-03,4.165,ion
N-Acetyl Selank,2026-08-04,4.165,ion
N-Acetyl Selank,2026-08-05,4.165,ion
N-Acetyl Selank,2026-08-06,4.165,ion
N-Acetyl Selank,2026-08-07,4.165,ion
N-Acetyl Selank,2026-08-08,4.165,ion
N-Acetyl Selank,2026-08-09,4.165,ion
N-Acetyl Selank,2026-08-10,4.165,ion
N-Acetyl Selank,2026-08-11,4.165,ion
N-Acetyl Selank,2026-08-12,4.165,ion
N-Acetyl Selank,2026-08-13,4.165,ion
N-Acetyl Selank,2026-09-07,4.165,ion
N-Acetyl Selank,2026-09-08,4.165,ion
N-Acetyl Selank,2026-09-11,4.165,ion
N-Acetyl Selank,2026-09-12,4.165,ion
N-Acetyl Selank,2026-09-13,4.165,ion
N-Acetyl Selank,2026-09-14,4.165,ion
N-Acetyl Selank,2026-09-15,4.165,ion
N-Acetyl Selank,2026-09-16,4.165,ion
N-Acetyl Selank,2026-09-17,4.165,ion
N-Acetyl Selank,2026-09-18,4.165,ion
N-Acetyl Selank,2026-09-19,4.165,ion
N-Acetyl Selank,2026-09-20,4.165,ion
N-Acetyl Selank,2026-09-21,4.165,ion
N-Acetyl Selank,2026-09-22,4.165,ion
N-Acetyl Selank,2026-09-23,4.165,ion
N-Acetyl Selank,2026-09-24,4.165,ion
N-Acetyl Semax,2026-06-02,2.805,ion
N-Acetyl Semax,2026-06-03,2.805,ion
N-Acetyl Semax,2026-06-05,2.805,ion
N-Acetyl Semax,2026-06-08,2.805,ion
N-Acetyl Semax,2026-06-09,2.805,ion
N-Acetyl Semax,2026-06-10,2.805,ion
N-Acetyl Semax,2026-06-11,2.805,ion
N-Acetyl Semax,2026-06-12,2.805,ion
N-Acetyl Semax,2026-06-15,2.805,ion
N-Acetyl Semax,2026-06-16,2.805,ion
N-Acetyl Semax,2026-06-17,2.805,ion
N-Acetyl Semax,2026-06-18,2.805,ion
N-Acetyl Semax,2026-06-19,2.805,ion
N-Acetyl Semax,2026-06-20,2.805,ion
N-Acetyl Semax,2026-06-21,2.805,ion
N-Acetyl Semax,2026-06-22,2.805,ion
N-Acetyl Semax,2026-06-23,2.805,ion
N-Acetyl Semax,2026-06-24,2.805,ion
N-Acetyl Semax,2026-06-25,2.805,ion
N-Acetyl Semax,2026-06-26,2.805,ion
N-Acetyl Semax,2026-07-06,2.805,ion
N-Acetyl Semax,2026-07-09,2.805,ion
N-Acetyl Semax,2026-07-10,2.805,ion
N-Acetyl Semax,2026-07-11,2.805,ion
N-Acetyl Semax,2026-07-12,2.805,ion
N-Acetyl Semax,2026-07-13,2.805,ion
N-Acetyl Semax,2026-07-14,2.805,ion
N-Acetyl Semax,2026-07-15,2.805,ion
N-Acetyl Semax,2026-07-16,2.805,ion
N-Acetyl Semax,2026-07-19,2.805,ion
N-Acetyl Semax,2026-07-20,2.805,ion
N-Acetyl Semax,2026-07-23,2.805,ion
N-Acetyl Semax,2026-07-24,2.805,ion
N-Acetyl Semax,2026-07-25,2.805,ion
N-Acetyl Semax,2026-07-26,2.805,ion
N-Acetyl Semax,2026-07-27,2.805,ion
N-Acetyl Semax,2026-07-28,2.805,ion
N-Acetyl Semax,2026-07-29,2.805,ion
N-Acetyl Semax,2026-07-30,2.805,ion
N-Acetyl Semax,2026-07-31,2.805,ion
N-Acetyl Semax,2026-08-01,2.805,ion
N-Acetyl Semax,2026-08-02,2.805,ion
N-Acetyl Semax,2026-08-03,2.805,ion
N-Acetyl Semax,2026-08-04,2.805,ion
N-Acetyl Semax,2026-08-05,2.805,ion
N-Acetyl Semax,2026-08-06,2.805,ion
N-Acetyl Semax,2026-08-07,2.805,ion
N-Acetyl Semax,2026-08-08,2.805,ion
N-Acetyl Semax,2026-08-09,2.805,ion
N-Acetyl Semax,2026-08-10,2.805,ion
N-Acetyl Semax,2026-08-11,2.805,ion
N-Acetyl Semax,2026-08-12,2.805,ion
N-Acetyl Semax,2026-08-13,2.805,ion
N-Acetyl Semax,2026-09-07,2.805,ion
N-Acetyl Semax,2026-09-08,2.805,ion
N-Acetyl Semax,2026-09-11,2.805,ion
N-Acetyl Semax,2026-09-12,2.805,ion
N-Acetyl Semax,2026-09-13,2.805,ion
N-Acetyl Semax,2026-09-14,2.805,ion
N-Acetyl Semax,2026-09-15,2.805,ion
N-Acetyl Semax,2026-09-16,2.805,ion
N-Acetyl Semax,2026-09-17,2.805,ion
N-Acetyl Semax,2026-09-18,2.805,ion
N-Acetyl Semax,2026-09-19,2.805,ion
N-Acetyl Semax,2026-09-20,2.805,ion
N-Acetyl Semax,2026-09-21,2.805,ion
N-Acetyl Semax,2026-09-22,2.805,ion
N-Acetyl Semax,2026-09-23,2.805,ion
N-Acetyl Semax,2026-09-24,2.805,ion
NAD+,2026-06-01,0.0748,ion
NAD+,2026-06-02,0.0748,ion
NAD+,2026-06-03,0.0748,ion
NAD+,2026-06-05,0.0748,ion
NAD+,2026-06-08,0.0748,ion
NAD+,2026-06-09,0.0748,ion
NAD+,2026-06-10,0.0689,puratek
NAD+,2026-06-11,0.0689,puratek
NAD+,2026-06-12,0.0689,puratek
NAD+,2026-06-15,0.0689,puratek
NAD+,2026-06-16,0.0689,puratek
NAD+,2026-06-17,0.0689,puratek
NAD+,2026-06-18,0.0689,puratek
NAD+,2026-06-19,0.0689,puratek
NAD+,2026-06-20,0.0689,puratek
NAD+,2026-06-21,0.0689,puratek
NAD+,2026-06-22,0.0385,atomik
NAD+,2026-06-23,0.0385,atomik
NAD+,2026-06-24,0.0381,atomik
NAD+,2026-06-25,0.0381,atomik
NAD+,2026-06-26,0.0381,atomik
NAD+,2026-07-06,0.0381,atomik
NAD+,2026-07-09,0.0381,atomik
NAD+,2026-07-10,0.0381,atomik
NAD+,2026-07-11,0.0381,atomik
NAD+,2026-07-12,0.0381,atomik
NAD+,2026-07-13,0.0381,atomik
NAD+,2026-07-14,0.0381,atomik
NAD+,2026-07-15,0.0381,atomik
NAD+,2026-07-16,0.0381,atomik
NAD+,2026-07-19,0.0381,atomik
NAD+,2026-07-20,0.0381,atomik
NAD+,2026-07-23,0.0381,atomik
NAD+,2026-07-24,0.0381,atomik
NAD+,2026-07-25,0.0381,atomik
NAD+,2026-07-26,0.0381,atomik
NAD+,2026-07-27,0.0381,atomik
NAD+,2026-07-28,0.0381,atomik
NAD+,2026-07-29,0.0365,fusion
NAD+,2026-07-30,0.0381,atomik
NAD+,2026-07-31,0.0381,atomik
NAD+,2026-08-01,0.0381,atomik
NAD+,2026-08-02,0.0381,atomik
NAD+,2026-08-03,0.0381,atomik
NAD+,2026-08-04,0.0381,atomik
NAD+,2026-08-05,0.0381,atomik
NAD+,2026-08-06,0.0381,atomik
NAD+,2026-08-07,0.0381,atomik
NAD+,2026-08-08,0.0381,atomik
NAD+,2026-08-09,0.0381,atomik
NAD+,2026-08-10,0.0381,atomik
NAD+,2026-08-11,0.0381,atomik
NAD+,2026-08-12,0.0381,atomik
NAD+,2026-08-13,0.0381,atomik
NAD+,2026-09-07,0.0381,atomik
NAD+,2026-09-08,0.0381,atomik
NAD+,2026-09-11,0.0381,atomik
NAD+,2026-09-12,0.0381,atomik
NAD+,2026-09-13,0.0381,atomik
NAD+,2026-09-14,0.0381,atomik
NAD+,2026-09-15,0.0381,atomik
NAD+,2026-09-16,0.0381,atomik
NAD+,2026-09-17,0.0381,atomik
NAD+,2026-09-18,0.0381,atomik
NAD+,2026-09-19,0.0381,atomik
NAD+,2026-09-20,0.0381,atomik
NAD+,2026-09-21,0.0381,atomik
NAD+,2026-09-22,0.0381,atomik
NAD+,2026-09-23,0.0381,atomik
NAD+,2026-09-24,0.0381,atomik
Orforglipron,2026-06-12,0.3684,swisschems
Orforglipron,2026-06-15,0.3684,swisschems
Orforglipron,2026-06-16,0.3539,glowaminos
Orforglipron,2026-06-17,0.3539,glowaminos
Orforglipron,2026-06-18,0.3539,glowaminos
Orforglipron,2026-06-19,0.3539,glowaminos
Orforglipron,2026-06-20,0.3539,glowaminos
Orforglipron,2026-06-21,0.3539,glowaminos
Orforglipron,2026-06-22,0.3539,glowaminos
Orforglipron,2026-06-23,0.3539,glowaminos
Orforglipron,2026-06-24,0.3539,glowaminos
Orforglipron,2026-06-25,0.3539,glowaminos
Orforglipron,2026-06-26,0.3539,glowaminos
Orforglipron,2026-07-06,0.3539,glowaminos
Orforglipron,2026-07-09,0.3539,glowaminos
Orforglipron,2026-07-10,0.3539,glowaminos
Orforglipron,2026-07-11,0.3539,glowaminos
Orforglipron,2026-07-12,0.3539,glowaminos
Orforglipron,2026-07-13,0.3539,glowaminos
Orforglipron,2026-07-14,0.3539,glowaminos
Orforglipron,2026-07-15,0.3539,glowaminos
Orforglipron,2026-07-16,0.3539,glowaminos
Orforglipron,2026-07-19,0.3539,glowaminos
Orforglipron,2026-07-20,0.3539,glowaminos
Orforglipron,2026-07-23,0.3539,glowaminos
Orforglipron,2026-07-24,0.3539,glowaminos
Orforglipron,2026-07-25,0.3539,glowaminos
Orforglipron,2026-07-26,0.3539,glowaminos
Orforglipron,2026-07-27,0.3539,glowaminos
Orforglipron,2026-07-28,0.3539,glowaminos
Orforglipron,2026-07-29,0.3539,glowaminos
Orforglipron,2026-07-30,0.3539,glowaminos
Orforglipron,2026-07-31,0.3539,glowaminos
Orforglipron,2026-08-01,0.3539,glowaminos
Orforglipron,2026-08-02,0.3539,glowaminos
Orforglipron,2026-08-03,0.3539,glowaminos
Orforglipron,2026-08-04,0.3539,glowaminos
Orforglipron,2026-08-05,0.2477,glowaminos
Orforglipron,2026-08-06,0.2477,glowaminos
Orforglipron,2026-08-07,0.2477,glowaminos
Orforglipron,2026-08-08,0.2477,glowaminos
Orforglipron,2026-08-09,0.2477,glowaminos
Orforglipron,2026-08-10,0.2477,glowaminos
Orforglipron,2026-08-11,0.2477,glowaminos
Orforglipron,2026-08-12,0.2477,glowaminos
Orforglipron,2026-08-13,0.2477,glowaminos
Orforglipron,2026-09-07,0.2477,glowaminos
Orforglipron,2026-09-08,0.2477,glowaminos
Orforglipron,2026-09-11,0.2477,glowaminos
Orforglipron,2026-09-12,0.2477,glowaminos
Orforglipron,2026-09-13,0.2477,glowaminos
Orforglipron,2026-09-14,0.2477,glowaminos
Orforglipron,2026-09-15,0.2477,glowaminos
Orforglipron,2026-09-16,0.2477,glowaminos
Orforglipron,2026-09-17,0.2477,glowaminos
Orforglipron,2026-09-18,0.2477,glowaminos
Orforglipron,2026-09-19,0.2477,glowaminos
Orforglipron,2026-09-20,0.2477,glowaminos
Orforglipron,2026-09-21,0.2477,glowaminos
Orforglipron,2026-09-22,0.2477,glowaminos
Orforglipron,2026-09-23,0.2477,glowaminos
Orforglipron,2026-09-24,0.2477,glowaminos
Ovagen,2026-06-02,2.6995,lapeptides
Ovagen,2026-06-03,2.6995,lapeptides
Ovagen,2026-06-05,2.6995,lapeptides
Ovagen,2026-06-08,2.6995,lapeptides
Ovagen,2026-06-09,2.6995,lapeptides
Ovagen,2026-06-10,2.6995,lapeptides
Ovagen,2026-06-11,2.6995,lapeptides
Ovagen,2026-06-12,5.3991,lapeptides
Ovagen,2026-06-15,5.3991,lapeptides
Ovagen,2026-06-16,5.3991,lapeptides
Ovagen,2026-06-17,5.3991,lapeptides
Ovagen,2026-06-18,5.3991,lapeptides
Ovagen,2026-06-19,5.3991,lapeptides
Ovagen,2026-06-20,5.3991,lapeptides
Ovagen,2026-06-21,5.3991,lapeptides
Ovagen,2026-06-22,5.3991,lapeptides
Ovagen,2026-06-23,5.3991,lapeptides
Ovagen,2026-06-24,5.3991,lapeptides
Ovagen,2026-06-25,5.3991,lapeptides
Ovagen,2026-06-26,5.3991,lapeptides
Ovagen,2026-07-06,5.3991,lapeptides
Ovagen,2026-07-09,5.3991,lapeptides
Ovagen,2026-07-10,5.3991,lapeptides
Ovagen,2026-07-11,5.3991,lapeptides
Ovagen,2026-07-12,5.3991,lapeptides
Ovagen,2026-07-13,5.3991,lapeptides
Ovagen,2026-07-14,5.3991,lapeptides
Ovagen,2026-07-15,5.3991,lapeptides
Ovagen,2026-07-16,5.3991,lapeptides
Ovagen,2026-07-19,5.3991,lapeptides
Ovagen,2026-07-20,5.3991,lapeptides
Ovagen,2026-07-23,5.3991,lapeptides
Ovagen,2026-07-24,5.3991,lapeptides
Ovagen,2026-07-25,5.3991,lapeptides
Ovagen,2026-07-26,5.3991,lapeptides
Ovagen,2026-07-27,5.3991,lapeptides
Ovagen,2026-07-28,3.3146,fusion
Ovagen,2026-07-29,3.3146,fusion
Ovagen,2026-07-30,3.3146,fusion
Ovagen,2026-07-31,3.3146,fusion
Ovagen,2026-08-01,3.3146,fusion
Ovagen,2026-08-02,3.3146,fusion
Ovagen,2026-08-03,3.3146,fusion
Ovagen,2026-08-04,3.3146,fusion
Ovagen,2026-08-05,3.3146,fusion
Ovagen,2026-08-06,3.3146,fusion
Ovagen,2026-08-07,3.3146,fusion
Ovagen,2026-08-08,3.3146,fusion
Ovagen,2026-08-09,3.3146,fusion
Ovagen,2026-08-10,3.3146,fusion
Ovagen,2026-08-11,3.3146,fusion
Ovagen,2026-08-12,3.3146,fusion
Ovagen,2026-08-13,3.3146,fusion
Ovagen,2026-09-07,3.3146,fusion
Ovagen,2026-09-08,3.3146,fusion
Ovagen,2026-09-11,2.275,atomik
Ovagen,2026-09-12,2.275,atomik
Ovagen,2026-09-13,2.275,atomik
Ovagen,2026-09-14,2.275,atomik
Ovagen,2026-09-15,2.275,atomik
Ovagen,2026-09-16,2.275,atomik
Ovagen,2026-09-17,2.275,atomik
Ovagen,2026-09-18,2.275,atomik
Ovagen,2026-09-19,2.275,atomik
Ovagen,2026-09-20,2.275,atomik
Ovagen,2026-09-21,2.275,atomik
Ovagen,2026-09-22,2.275,atomik
Ovagen,2026-09-23,2.275,atomik
Ovagen,2026-09-24,2.275,atomik
Oxytocin,2026-06-02,5.015,ion
Oxytocin,2026-06-03,5.015,ion
Oxytocin,2026-06-05,5.015,ion
Oxytocin,2026-06-08,5.015,ion
Oxytocin,2026-06-09,5.015,ion
Oxytocin,2026-06-10,5.015,ion
Oxytocin,2026-06-11,5.015,ion
Oxytocin,2026-06-12,5.015,ion
Oxytocin,2026-06-15,5.015,ion
Oxytocin,2026-06-16,4.48,glowaminos
Oxytocin,2026-06-17,4.48,glowaminos
Oxytocin,2026-06-18,4.48,glowaminos
Oxytocin,2026-06-19,4.48,glowaminos
Oxytocin,2026-06-20,4.48,glowaminos
Oxytocin,2026-06-21,4.48,glowaminos
Oxytocin,2026-06-22,4.48,glowaminos
Oxytocin,2026-06-23,4.48,glowaminos
Oxytocin,2026-06-24,4.48,glowaminos
Oxytocin,2026-06-25,4.48,glowaminos
Oxytocin,2026-06-26,4.48,glowaminos
Oxytocin,2026-07-06,4.48,glowaminos
Oxytocin,2026-07-09,4.48,glowaminos
Oxytocin,2026-07-10,4.48,glowaminos
Oxytocin,2026-07-11,4.48,glowaminos
Oxytocin,2026-07-12,4.48,glowaminos
Oxytocin,2026-07-13,4.48,glowaminos
Oxytocin,2026-07-14,4.48,glowaminos
Oxytocin,2026-07-15,4.48,glowaminos
Oxytocin,2026-07-16,4.48,glowaminos
Oxytocin,2026-07-19,4.48,glowaminos
Oxytocin,2026-07-20,4.48,glowaminos
Oxytocin,2026-07-23,4.48,glowaminos
Oxytocin,2026-07-24,4.48,glowaminos
Oxytocin,2026-07-25,4.48,glowaminos
Oxytocin,2026-07-26,4.48,glowaminos
Oxytocin,2026-07-27,4.48,glowaminos
Oxytocin,2026-07-28,4.2492,fusion
Oxytocin,2026-07-29,2.8041,fusion
Oxytocin,2026-07-30,4.2492,fusion
Oxytocin,2026-07-31,4.2492,fusion
Oxytocin,2026-08-01,4.2492,fusion
Oxytocin,2026-08-02,4.2492,fusion
Oxytocin,2026-08-03,4.2492,fusion
Oxytocin,2026-08-04,4.2492,fusion
Oxytocin,2026-08-05,3.136,glowaminos
Oxytocin,2026-08-06,3.136,glowaminos
Oxytocin,2026-08-07,3.136,glowaminos
Oxytocin,2026-08-08,3.136,glowaminos
Oxytocin,2026-08-09,3.136,glowaminos
Oxytocin,2026-08-10,3.136,glowaminos
Oxytocin,2026-08-11,3.136,glowaminos
Oxytocin,2026-08-12,3.136,glowaminos
Oxytocin,2026-08-13,3.136,glowaminos
Oxytocin,2026-09-07,3.136,glowaminos
Oxytocin,2026-09-08,3.136,glowaminos
Oxytocin,2026-09-11,3.136,glowaminos
Oxytocin,2026-09-12,3.136,glowaminos
Oxytocin,2026-09-13,3.136,glowaminos
Oxytocin,2026-09-14,3.136,glowaminos
Oxytocin,2026-09-15,3.136,glowaminos
Oxytocin,2026-09-16,3.136,glowaminos
Oxytocin,2026-09-17,3.136,glowaminos
Oxytocin,2026-09-18,3.136,glowaminos
Oxytocin,2026-09-19,3.136,glowaminos
Oxytocin,2026-09-20,3.136,glowaminos
Oxytocin,2026-09-21,3.136,glowaminos
Oxytocin,2026-09-22,3.136,glowaminos
Oxytocin,2026-09-23,3.136,glowaminos
Oxytocin,2026-09-24,3.136,glowaminos
PDA,2026-06-02,3.96,ezpeptides
PDA,2026-06-03,3.96,ezpeptides
PDA,2026-06-05,3.96,ezpeptides
PDA,2026-06-08,3.96,ezpeptides
PDA,2026-06-09,3.96,ezpeptides
PDA,2026-06-10,3.96,ezpeptides
PDA,2026-06-11,3.96,ezpeptides
PDA,2026-06-12,3.96,ezpeptides
PDA,2026-06-15,3.96,ezpeptides
PDA,2026-06-16,3.96,ezpeptides
PDA,2026-06-17,3.96,ezpeptides
PDA,2026-06-18,3.96,ezpeptides
PDA,2026-06-19,3.96,ezpeptides
PDA,2026-06-20,3.96,ezpeptides
PDA,2026-06-21,3.96,ezpeptides
PDA,2026-06-22,3.96,ezpeptides
PDA,2026-06-23,3.96,ezpeptides
PDA,2026-06-24,3.96,ezpeptides
PDA,2026-06-25,3.96,ezpeptides
PDA,2026-06-26,3.96,ezpeptides
PDA,2026-07-06,3.96,ezpeptides
PDA,2026-07-09,3.96,ezpeptides
PDA,2026-07-10,3.96,ezpeptides
PDA,2026-07-11,3.96,ezpeptides
PDA,2026-07-12,3.96,ezpeptides
PDA,2026-07-13,3.96,ezpeptides
PDA,2026-07-14,3.96,ezpeptides
PDA,2026-07-15,3.96,ezpeptides
PDA,2026-07-16,3.96,ezpeptides
PDA,2026-07-19,3.96,ezpeptides
PDA,2026-07-20,3.96,ezpeptides
PDA,2026-07-23,3.96,ezpeptides
PDA,2026-07-24,3.96,ezpeptides
PDA,2026-07-25,3.96,ezpeptides
PDA,2026-07-26,3.96,ezpeptides
PDA,2026-07-27,3.96,ezpeptides
PDA,2026-07-28,3.96,ezpeptides
PDA,2026-07-29,3.96,ezpeptides
PDA,2026-07-30,3.96,ezpeptides
PDA,2026-07-31,3.96,ezpeptides
PDA,2026-08-01,3.96,ezpeptides
PDA,2026-08-02,3.96,ezpeptides
PDA,2026-08-03,3.96,ezpeptides
PDA,2026-08-04,3.96,ezpeptides
PDA,2026-08-05,3.96,ezpeptides
PDA,2026-08-06,3.96,ezpeptides
PDA,2026-08-07,3.96,ezpeptides
PDA,2026-08-08,3.96,ezpeptides
PDA,2026-08-09,3.96,ezpeptides
PDA,2026-08-10,3.96,ezpeptides
PDA,2026-08-11,3.96,ezpeptides
PDA,2026-08-12,3.96,ezpeptides
PDA,2026-08-13,3.96,ezpeptides
PDA,2026-09-07,3.96,ezpeptides
PDA,2026-09-08,3.96,ezpeptides
PDA,2026-09-11,3.96,ezpeptides
PDA,2026-09-12,3.96,ezpeptides
PDA,2026-09-13,3.96,ezpeptides
PDA,2026-09-14,3.96,ezpeptides
PDA,2026-09-15,3.96,ezpeptides
PDA,2026-09-16,3.96,ezpeptides
PDA,2026-09-17,3.96,ezpeptides
PDA,2026-09-18,3.96,ezpeptides
PDA,2026-09-19,3.96,ezpeptides
PDA,2026-09-20,3.96,ezpeptides
PDA,2026-09-21,3.96,ezpeptides
PDA,2026-09-22,3.96,ezpeptides
PDA,2026-09-23,3.96,ezpeptides
PDA,2026-09-24,3.96,ezpeptides
PE-22-28,2026-06-02,4.165,labsourced
PE-22-28,2026-06-03,4.165,labsourced
PE-22-28,2026-06-05,4.165,labsourced
PE-22-28,2026-06-08,4.165,labsourced
PE-22-28,2026-06-09,4.165,labsourced
PE-22-28,2026-06-10,4.165,labsourced
PE-22-28,2026-06-11,4.165,labsourced
PE-22-28,2026-06-12,4.165,labsourced
PE-22-28,2026-06-15,4.165,labsourced
PE-22-28,2026-06-16,4.165,labsourced
PE-22-28,2026-06-17,4.165,labsourced
PE-22-28,2026-06-18,4.165,labsourced
PE-22-28,2026-06-19,4.165,labsourced
PE-22-28,2026-06-20,4.165,labsourced
PE-22-28,2026-06-21,4.165,labsourced
PE-22-28,2026-06-22,4.165,labsourced
PE-22-28,2026-06-23,4.165,labsourced
PE-22-28,2026-06-24,4.165,labsourced
PE-22-28,2026-06-25,2.9691,certapeptides
PE-22-28,2026-06-26,2.9691,certapeptides
PE-22-28,2026-07-06,2.9691,certapeptides
PE-22-28,2026-07-09,2.9691,certapeptides
PE-22-28,2026-07-10,2.9691,certapeptides
PE-22-28,2026-07-11,2.9691,certapeptides
PE-22-28,2026-07-12,2.9691,certapeptides
PE-22-28,2026-07-13,2.9691,certapeptides
PE-22-28,2026-07-14,2.9691,certapeptides
PE-22-28,2026-07-15,2.9691,certapeptides
PE-22-28,2026-07-16,2.9691,certapeptides
PE-22-28,2026-07-19,2.9691,certapeptides
PE-22-28,2026-07-20,2.9691,certapeptides
PE-22-28,2026-07-23,2.9691,certapeptides
PE-22-28,2026-07-24,2.9691,certapeptides
PE-22-28,2026-07-25,2.9691,certapeptides
PE-22-28,2026-07-26,2.9691,certapeptides
PE-22-28,2026-07-27,2.9691,certapeptides
PE-22-28,2026-07-28,2.9691,certapeptides
PE-22-28,2026-07-29,2.9691,certapeptides
PE-22-28,2026-07-30,2.9691,certapeptides
PE-22-28,2026-07-31,2.9691,certapeptides
PE-22-28,2026-08-01,2.9691,certapeptides
PE-22-28,2026-08-02,2.9691,certapeptides
PE-22-28,2026-08-03,2.9691,certapeptides
PE-22-28,2026-08-04,2.9691,certapeptides
PE-22-28,2026-08-05,2.9691,certapeptides
PE-22-28,2026-08-06,2.9691,certapeptides
PE-22-28,2026-08-07,2.9691,certapeptides
PE-22-28,2026-08-08,2.9691,certapeptides
PE-22-28,2026-08-09,2.9691,certapeptides
PE-22-28,2026-08-10,2.9691,certapeptides
PE-22-28,2026-08-11,2.9691,certapeptides
PE-22-28,2026-08-12,2.9691,certapeptides
PE-22-28,2026-08-13,2.9691,certapeptides
PE-22-28,2026-09-07,2.9691,certapeptides
PE-22-28,2026-09-08,2.9691,certapeptides
PE-22-28,2026-09-11,2.9691,certapeptides
PE-22-28,2026-09-12,2.9691,certapeptides
PE-22-28,2026-09-13,2.9691,certapeptides
PE-22-28,2026-09-14,2.9691,certapeptides
PE-22-28,2026-09-15,2.9691,certapeptides
PE-22-28,2026-09-16,2.9691,certapeptides
PE-22-28,2026-09-17,2.9691,certapeptides
PE-22-28,2026-09-18,2.9691,certapeptides
PE-22-28,2026-09-19,2.9691,certapeptides
PE-22-28,2026-09-20,2.9691,certapeptides
PE-22-28,2026-09-21,2.9691,certapeptides
PE-22-28,2026-09-22,2.9691,certapeptides
PE-22-28,2026-09-23,2.9691,certapeptides
PE-22-28,2026-09-24,2.9691,certapeptides
PEG-MGF,2026-06-02,16.575,ion
PEG-MGF,2026-06-03,16.575,ion
PEG-MGF,2026-06-05,16.575,ion
PEG-MGF,2026-06-08,16.575,ion
PEG-MGF,2026-06-09,16.575,ion
PEG-MGF,2026-06-10,16.575,ion
PEG-MGF,2026-06-11,16.575,ion
PEG-MGF,2026-06-12,16.575,ion
PEG-MGF,2026-06-15,16.575,ion
PEG-MGF,2026-06-16,16.575,ion
PEG-MGF,2026-06-17,16.575,ion
PEG-MGF,2026-06-18,16.575,ion
PEG-MGF,2026-06-19,16.575,ion
PEG-MGF,2026-06-20,16.575,ion
PEG-MGF,2026-06-21,16.575,ion
PEG-MGF,2026-06-22,16.575,ion
PEG-MGF,2026-06-23,16.575,ion
PEG-MGF,2026-06-24,16.575,ion
PEG-MGF,2026-06-25,16.575,ion
PEG-MGF,2026-06-26,16.575,ion
PEG-MGF,2026-07-06,16.575,ion
PEG-MGF,2026-07-09,16.575,ion
PEG-MGF,2026-07-10,16.575,ion
PEG-MGF,2026-07-11,16.575,ion
PEG-MGF,2026-07-12,16.575,ion
PEG-MGF,2026-07-13,16.575,ion
PEG-MGF,2026-07-14,16.575,ion
PEG-MGF,2026-07-15,16.575,ion
PEG-MGF,2026-07-16,16.575,ion
PEG-MGF,2026-07-19,16.575,ion
PEG-MGF,2026-07-20,16.575,ion
PEG-MGF,2026-07-23,16.575,ion
PEG-MGF,2026-07-24,16.575,ion
PEG-MGF,2026-07-25,16.575,ion
PEG-MGF,2026-07-26,16.575,ion
PEG-MGF,2026-07-27,16.575,ion
PEG-MGF,2026-07-28,16.575,ion
PEG-MGF,2026-07-29,16.575,ion
PEG-MGF,2026-07-30,16.575,ion
PEG-MGF,2026-07-31,16.575,ion
PEG-MGF,2026-08-01,16.575,ion
PEG-MGF,2026-08-02,16.575,ion
PEG-MGF,2026-08-03,16.575,ion
PEG-MGF,2026-08-04,16.575,ion
PEG-MGF,2026-08-05,14.455,glowaminos
PEG-MGF,2026-08-06,14.455,glowaminos
PEG-MGF,2026-08-07,14.455,glowaminos
PEG-MGF,2026-08-08,14.455,glowaminos
PEG-MGF,2026-08-09,14.455,glowaminos
PEG-MGF,2026-08-10,14.455,glowaminos
PEG-MGF,2026-08-11,14.455,glowaminos
PEG-MGF,2026-08-12,14.455,glowaminos
PEG-MGF,2026-08-13,14.455,glowaminos
PEG-MGF,2026-09-07,14.455,glowaminos
PEG-MGF,2026-09-08,14.455,glowaminos
PEG-MGF,2026-09-11,14.455,glowaminos
PEG-MGF,2026-09-12,14.455,glowaminos
PEG-MGF,2026-09-13,14.455,glowaminos
PEG-MGF,2026-09-14,14.455,glowaminos
PEG-MGF,2026-09-15,14.455,glowaminos
PEG-MGF,2026-09-16,14.455,glowaminos
PEG-MGF,2026-09-17,14.455,glowaminos
PEG-MGF,2026-09-18,14.455,glowaminos
PEG-MGF,2026-09-19,14.455,glowaminos
PEG-MGF,2026-09-20,14.455,glowaminos
PEG-MGF,2026-09-21,14.455,glowaminos
PEG-MGF,2026-09-22,14.455,glowaminos
PEG-MGF,2026-09-23,14.455,glowaminos
PEG-MGF,2026-09-24,14.455,glowaminos
PNC-27,2026-06-02,10.03,labsourced
PNC-27,2026-06-03,10.03,labsourced
PNC-27,2026-06-05,10.03,labsourced
PNC-27,2026-06-08,10.03,labsourced
PNC-27,2026-06-09,10.03,labsourced
PNC-27,2026-06-10,10.03,labsourced
PNC-27,2026-06-11,10.03,labsourced
PNC-27,2026-06-12,10.03,labsourced
PNC-27,2026-06-15,10.03,labsourced
PNC-27,2026-06-16,10.03,labsourced
PNC-27,2026-06-17,10.03,labsourced
PNC-27,2026-06-18,10.03,labsourced
PNC-27,2026-06-19,10.03,labsourced
PNC-27,2026-06-20,10.03,labsourced
PNC-27,2026-06-21,10.03,labsourced
PNC-27,2026-06-22,10.03,labsourced
PNC-27,2026-06-23,10.03,labsourced
PNC-27,2026-06-24,10.03,labsourced
PNC-27,2026-06-25,10.03,labsourced
PNC-27,2026-06-26,10.03,labsourced
PNC-27,2026-07-06,10.03,labsourced
PNC-27,2026-07-09,10.03,labsourced
PNC-27,2026-07-10,10.03,labsourced
PNC-27,2026-07-11,10.03,labsourced
PNC-27,2026-07-12,10.03,labsourced
PNC-27,2026-07-13,10.03,labsourced
PNC-27,2026-07-14,10.03,labsourced
PNC-27,2026-07-15,10.03,labsourced
PNC-27,2026-07-16,9.265,platinum
PNC-27,2026-07-19,9.265,platinum
PNC-27,2026-07-20,9.265,platinum
PNC-27,2026-07-23,9.265,platinum
PNC-27,2026-07-24,9.265,platinum
PNC-27,2026-07-25,9.265,platinum
PNC-27,2026-07-26,9.265,platinum
PNC-27,2026-07-27,9.265,platinum
PNC-27,2026-07-28,9.265,platinum
PNC-27,2026-07-29,9.265,platinum
PNC-27,2026-07-30,10.03,labsourced
PNC-27,2026-07-31,10.03,labsourced
PNC-27,2026-08-01,10.03,labsourced
PNC-27,2026-08-02,10.03,labsourced
PNC-27,2026-08-03,10.03,labsourced
PNC-27,2026-08-04,10.03,labsourced
PNC-27,2026-08-05,10.03,labsourced
PNC-27,2026-08-06,10.03,labsourced
PNC-27,2026-08-07,10.03,labsourced
PNC-27,2026-08-08,10.03,labsourced
PNC-27,2026-08-09,10.03,labsourced
PNC-27,2026-08-10,10.03,labsourced
PNC-27,2026-08-11,10.03,labsourced
PNC-27,2026-08-12,10.03,labsourced
PNC-27,2026-08-13,10.03,labsourced
PNC-27,2026-09-07,10.03,labsourced
PNC-27,2026-09-08,10.03,labsourced
PNC-27,2026-09-11,10.03,labsourced
PNC-27,2026-09-12,10.03,labsourced
PNC-27,2026-09-13,6.93,atomik
PNC-27,2026-09-14,6.93,atomik
PNC-27,2026-09-15,6.93,atomik
PNC-27,2026-09-16,6.93,atomik
PNC-27,2026-09-17,6.93,atomik
PNC-27,2026-09-18,6.93,atomik
PNC-27,2026-09-19,6.93,atomik
PNC-27,2026-09-20,6.93,atomik
PNC-27,2026-09-21,6.93,atomik
PNC-27,2026-09-22,6.93,atomik
PNC-27,2026-09-23,6.93,atomik
PNC-27,2026-09-24,6.93,atomik
PT-141 (Bremelanotide),2026-06-01,3.145,atomik
PT-141 (Bremelanotide),2026-06-02,3.145,atomik
PT-141 (Bremelanotide),2026-06-03,3.145,atomik
PT-141 (Bremelanotide),2026-06-05,2.295,fusion
PT-141 (Bremelanotide),2026-06-08,2.295,fusion
PT-141 (Bremelanotide),2026-06-09,1.0,apollo
PT-141 (Bremelanotide),2026-06-10,1.0,apollo
PT-141 (Bremelanotide),2026-06-11,1.0,apollo
PT-141 (Bremelanotide),2026-06-12,1.0,apollo
PT-141 (Bremelanotide),2026-06-15,1.0,apollo
PT-141 (Bremelanotide),2026-06-16,1.0,apollo
PT-141 (Bremelanotide),2026-06-17,1.0,apollo
PT-141 (Bremelanotide),2026-06-18,1.0,apollo
PT-141 (Bremelanotide),2026-06-19,2.4,ascension
PT-141 (Bremelanotide),2026-06-20,2.4,ascension
PT-141 (Bremelanotide),2026-06-21,2.4,ascension
PT-141 (Bremelanotide),2026-06-22,2.4,ascension
PT-141 (Bremelanotide),2026-06-23,2.4,ascension
PT-141 (Bremelanotide),2026-06-24,2.47,retaone
PT-141 (Bremelanotide),2026-06-25,2.47,retaone
PT-141 (Bremelanotide),2026-06-26,2.47,retaone
PT-141 (Bremelanotide),2026-07-06,2.47,retaone
PT-141 (Bremelanotide),2026-07-09,2.45,ascension
PT-141 (Bremelanotide),2026-07-10,2.45,ascension
PT-141 (Bremelanotide),2026-07-11,2.45,ascension
PT-141 (Bremelanotide),2026-07-12,2.45,ascension
PT-141 (Bremelanotide),2026-07-13,2.45,ascension
PT-141 (Bremelanotide),2026-07-14,2.45,ascension
PT-141 (Bremelanotide),2026-07-15,2.45,ascension
PT-141 (Bremelanotide),2026-07-16,2.45,ascension
PT-141 (Bremelanotide),2026-07-19,2.45,ascension
PT-141 (Bremelanotide),2026-07-20,2.45,ascension
PT-141 (Bremelanotide),2026-07-23,2.45,ascension
PT-141 (Bremelanotide),2026-07-24,2.45,ascension
PT-141 (Bremelanotide),2026-07-25,2.45,ascension
PT-141 (Bremelanotide),2026-07-26,2.45,ascension
PT-141 (Bremelanotide),2026-07-27,2.45,ascension
PT-141 (Bremelanotide),2026-07-28,2.45,ascension
PT-141 (Bremelanotide),2026-07-29,2.45,ascension
PT-141 (Bremelanotide),2026-07-30,2.45,ascension
PT-141 (Bremelanotide),2026-07-31,2.45,ascension
PT-141 (Bremelanotide),2026-08-01,2.45,ascension
PT-141 (Bremelanotide),2026-08-02,2.2763,glowlab
PT-141 (Bremelanotide),2026-08-03,2.2763,glowlab
PT-141 (Bremelanotide),2026-08-04,2.45,ascension
PT-141 (Bremelanotide),2026-08-05,2.156,glowaminos
PT-141 (Bremelanotide),2026-08-06,2.156,glowaminos
PT-141 (Bremelanotide),2026-08-07,2.156,glowaminos
PT-141 (Bremelanotide),2026-08-08,2.156,glowaminos
PT-141 (Bremelanotide),2026-08-09,2.156,glowaminos
PT-141 (Bremelanotide),2026-08-10,2.156,glowaminos
PT-141 (Bremelanotide),2026-08-11,2.156,glowaminos
PT-141 (Bremelanotide),2026-08-12,2.156,glowaminos
PT-141 (Bremelanotide),2026-08-13,2.156,glowaminos
PT-141 (Bremelanotide),2026-09-07,2.156,glowaminos
PT-141 (Bremelanotide),2026-09-08,2.156,glowaminos
PT-141 (Bremelanotide),2026-09-11,2.156,glowaminos
PT-141 (Bremelanotide),2026-09-12,2.156,glowaminos
PT-141 (Bremelanotide),2026-09-13,2.156,glowaminos
PT-141 (Bremelanotide),2026-09-14,2.156,glowaminos
PT-141 (Bremelanotide),2026-09-15,2.156,glowaminos
PT-141 (Bremelanotide),2026-09-16,2.156,glowaminos
PT-141 (Bremelanotide),2026-09-17,2.156,glowaminos
PT-141 (Bremelanotide),2026-09-18,2.156,glowaminos
PT-141 (Bremelanotide),2026-09-19,2.156,glowaminos
PT-141 (Bremelanotide),2026-09-20,2.156,glowaminos
PT-141 (Bremelanotide),2026-09-21,2.156,glowaminos
PT-141 (Bremelanotide),2026-09-22,2.156,glowaminos
PT-141 (Bremelanotide),2026-09-23,2.156,glowaminos
PT-141 (Bremelanotide),2026-09-24,2.156,glowaminos
Pancragen,2026-06-02,2.6995,lapeptides
Pancragen,2026-06-03,2.6995,lapeptides
Pancragen,2026-06-05,2.6995,lapeptides
Pancragen,2026-06-08,2.6995,lapeptides
Pancragen,2026-06-09,2.6995,lapeptides
Pancragen,2026-06-10,2.6995,lapeptides
Pancragen,2026-06-11,2.6995,lapeptides
Pancragen,2026-06-12,5.3991,lapeptides
Pancragen,2026-06-15,5.3991,lapeptides
Pancragen,2026-06-16,5.3991,lapeptides
Pancragen,2026-06-17,5.3991,lapeptides
Pancragen,2026-06-18,5.3991,lapeptides
Pancragen,2026-06-19,5.3991,lapeptides
Pancragen,2026-06-20,5.3991,lapeptides
Pancragen,2026-06-21,5.3991,lapeptides
Pancragen,2026-06-22,5.3991,lapeptides
Pancragen,2026-06-23,5.3991,lapeptides
Pancragen,2026-06-24,5.3991,lapeptides
Pancragen,2026-06-25,5.3991,lapeptides
Pancragen,2026-06-26,5.3991,lapeptides
Pancragen,2026-07-06,5.3991,lapeptides
Pancragen,2026-07-09,5.3991,lapeptides
Pancragen,2026-07-10,5.3991,lapeptides
Pancragen,2026-07-11,5.3991,lapeptides
Pancragen,2026-07-12,5.3991,lapeptides
Pancragen,2026-07-13,5.3991,lapeptides
Pancragen,2026-07-14,5.3991,lapeptides
Pancragen,2026-07-15,5.3991,lapeptides
Pancragen,2026-07-16,5.3991,lapeptides
Pancragen,2026-07-19,5.3991,lapeptides
Pancragen,2026-07-20,5.3991,lapeptides
Pancragen,2026-07-23,5.3991,lapeptides
Pancragen,2026-07-24,5.3991,lapeptides
Pancragen,2026-07-25,5.3991,lapeptides
Pancragen,2026-07-26,5.3991,lapeptides
Pancragen,2026-07-27,5.3991,lapeptides
Pancragen,2026-07-28,2.3117,fusion
Pancragen,2026-07-29,2.3117,fusion
Pancragen,2026-07-30,2.3117,fusion
Pancragen,2026-07-31,2.3117,fusion
Pancragen,2026-08-01,2.3117,fusion
Pancragen,2026-08-02,2.3117,fusion
Pancragen,2026-08-03,2.3117,fusion
Pancragen,2026-08-04,2.3117,fusion
Pancragen,2026-08-05,2.3117,fusion
Pancragen,2026-08-06,2.3117,fusion
Pancragen,2026-08-07,2.3117,fusion
Pancragen,2026-08-08,2.3117,fusion
Pancragen,2026-08-09,2.3117,fusion
Pancragen,2026-08-10,2.3117,fusion
Pancragen,2026-08-11,2.3117,fusion
Pancragen,2026-08-12,2.3117,fusion
Pancragen,2026-08-13,2.3117,fusion
Pancragen,2026-09-07,2.3117,fusion
Pancragen,2026-09-08,2.3117,fusion
Pancragen,2026-09-11,2.3117,fusion
Pancragen,2026-09-12,2.3117,fusion
Pancragen,2026-09-13,2.3117,fusion
Pancragen,2026-09-14,2.3117,fusion
Pancragen,2026-09-15,2.3117,fusion
Pancragen,2026-09-16,2.3117,fusion
Pancragen,2026-09-17,2.3117,fusion
Pancragen,2026-09-18,2.3117,fusion
Pancragen,2026-09-19,2.3117,fusion
Pancragen,2026-09-20,2.3117,fusion
Pancragen,2026-09-21,2.3117,fusion
Pancragen,2026-09-22,2.3117,fusion
Pancragen,2026-09-23,2.3117,fusion
Pancragen,2026-09-24,2.3117,fusion
Pinealon,2026-06-02,1.9125,ion
Pinealon,2026-06-03,1.9125,ion
Pinealon,2026-06-05,1.9125,ion
Pinealon,2026-06-08,1.9125,ion
Pinealon,2026-06-09,1.9125,ion
Pinealon,2026-06-10,1.9125,ion
Pinealon,2026-06-11,1.9125,ion
Pinealon,2026-06-12,1.9125,ion
Pinealon,2026-06-15,1.9125,ion
Pinealon,2026-06-16,1.9125,ion
Pinealon,2026-06-17,1.9125,ion
Pinealon,2026-06-18,1.9125,ion
Pinealon,2026-06-19,1.9125,ion
Pinealon,2026-06-20,1.9125,ion
Pinealon,2026-06-21,1.9125,ion
Pinealon,2026-06-22,1.9125,ion
Pinealon,2026-06-23,1.9125,ion
Pinealon,2026-06-24,1.9125,ion
Pinealon,2026-06-25,1.9125,ion
Pinealon,2026-06-26,1.9125,ion
Pinealon,2026-07-06,1.9125,ion
Pinealon,2026-07-09,1.9125,ion
Pinealon,2026-07-10,1.9125,ion
Pinealon,2026-07-11,1.9125,ion
Pinealon,2026-07-12,1.9125,ion
Pinealon,2026-07-13,1.9125,ion
Pinealon,2026-07-14,1.9125,ion
Pinealon,2026-07-15,1.9125,ion
Pinealon,2026-07-16,1.9125,ion
Pinealon,2026-07-19,1.9125,ion
Pinealon,2026-07-20,1.9125,ion
Pinealon,2026-07-23,1.9125,ion
Pinealon,2026-07-24,1.9125,ion
Pinealon,2026-07-25,1.9125,ion
Pinealon,2026-07-26,1.9125,ion
Pinealon,2026-07-27,1.9125,ion
Pinealon,2026-07-28,1.9125,ion
Pinealon,2026-07-29,1.6571,fusion
Pinealon,2026-07-30,1.9125,ion
Pinealon,2026-07-31,1.9125,ion
Pinealon,2026-08-01,1.9125,ion
Pinealon,2026-08-02,1.9125,ion
Pinealon,2026-08-03,1.9125,ion
Pinealon,2026-08-04,1.9125,ion
Pinealon,2026-08-05,1.9125,ion
Pinealon,2026-08-06,1.9125,ion
Pinealon,2026-08-07,1.9125,ion
Pinealon,2026-08-08,1.9125,ion
Pinealon,2026-08-09,1.9125,ion
Pinealon,2026-08-10,1.9125,ion
Pinealon,2026-08-11,1.9125,ion
Pinealon,2026-08-12,1.9125,ion
Pinealon,2026-08-13,1.9125,ion
Pinealon,2026-09-07,1.9125,ion
Pinealon,2026-09-08,1.9125,ion
Pinealon,2026-09-11,1.9125,ion
Pinealon,2026-09-12,1.9125,ion
Pinealon,2026-09-13,1.9125,ion
Pinealon,2026-09-14,1.9125,ion
Pinealon,2026-09-15,1.9125,ion
Pinealon,2026-09-16,1.9125,ion
Pinealon,2026-09-17,1.9125,ion
Pinealon,2026-09-18,1.9125,ion
Pinealon,2026-09-19,1.9125,ion
Pinealon,2026-09-20,1.9125,ion
Pinealon,2026-09-21,1.9125,ion
Pinealon,2026-09-22,1.9125,ion
Pinealon,2026-09-23,1.9125,ion
Pinealon,2026-09-24,1.9125,ion
Retacagri Blend,2026-06-02,5.0621,glacier
Retacagri Blend,2026-06-03,5.0621,glacier
Retacagri Blend,2026-06-05,5.0621,glacier
Retacagri Blend,2026-06-08,5.0621,glacier
Retacagri Blend,2026-06-09,5.0621,glacier
Retacagri Blend,2026-06-10,5.0621,glacier
Retacagri Blend,2026-06-11,5.0621,glacier
Retacagri Blend,2026-06-12,5.0621,glacier
Retacagri Blend,2026-06-15,5.0621,glacier
Retacagri Blend,2026-06-16,5.0621,glacier
Retacagri Blend,2026-06-17,5.0621,glacier
Retacagri Blend,2026-06-18,5.0621,glacier
Retacagri Blend,2026-06-19,5.0621,glacier
Retacagri Blend,2026-06-20,5.0621,glacier
Retacagri Blend,2026-06-21,5.0621,glacier
Retacagri Blend,2026-06-22,5.0621,glacier
Retacagri Blend,2026-06-23,5.0621,glacier
Retacagri Blend,2026-06-24,5.0621,glacier
Retacagri Blend,2026-06-25,5.0621,glacier
Retacagri Blend,2026-06-26,5.0621,glacier
Retacagri Blend,2026-07-06,5.0621,glacier
Retacagri Blend,2026-07-09,5.1,nura
Retacagri Blend,2026-07-10,5.95,nura
Retacagri Blend,2026-07-11,5.95,nura
Retacagri Blend,2026-07-12,5.95,nura
Retacagri Blend,2026-07-13,5.95,nura
Retacagri Blend,2026-07-14,5.95,nura
Retacagri Blend,2026-07-15,5.95,nura
Retacagri Blend,2026-07-16,5.95,nura
Retacagri Blend,2026-07-19,5.95,nura
Retacagri Blend,2026-07-20,5.95,nura
Retacagri Blend,2026-07-23,5.95,nura
Retacagri Blend,2026-07-24,5.95,nura
Retacagri Blend,2026-07-25,5.95,nura
Retacagri Blend,2026-07-26,5.95,nura
Retacagri Blend,2026-07-27,5.95,nura
Retacagri Blend,2026-07-28,5.95,nura
Retacagri Blend,2026-07-29,5.95,nura
Retacagri Blend,2026-07-30,5.95,nura
Retacagri Blend,2026-07-31,5.95,nura
Retacagri Blend,2026-08-01,5.95,nura
Retacagri Blend,2026-08-02,5.0621,glacier
Retacagri Blend,2026-08-03,4.8746,glacier
Retacagri Blend,2026-08-04,4.8746,glacier
Retacagri Blend,2026-08-05,4.8746,glacier
Retacagri Blend,2026-08-06,4.8746,glacier
Retacagri Blend,2026-08-07,4.8746,glacier
Retacagri Blend,2026-08-08,4.8746,glacier
Retacagri Blend,2026-08-09,4.8746,glacier
Retacagri Blend,2026-08-10,4.8746,glacier
Retacagri Blend,2026-08-11,4.8746,glacier
Retacagri Blend,2026-08-12,4.8746,glacier
Retacagri Blend,2026-08-13,4.8746,glacier
Retacagri Blend,2026-09-07,4.8746,glacier
Retacagri Blend,2026-09-08,4.8746,glacier
Retacagri Blend,2026-09-11,4.8746,glacier
Retacagri Blend,2026-09-12,4.8746,glacier
Retacagri Blend,2026-09-13,4.8746,glacier
Retacagri Blend,2026-09-14,4.8746,glacier
Retacagri Blend,2026-09-15,4.8746,glacier
Retacagri Blend,2026-09-16,4.8746,glacier
Retacagri Blend,2026-09-17,4.8746,glacier
Retacagri Blend,2026-09-18,4.8746,glacier
Retacagri Blend,2026-09-19,4.8746,glacier
Retacagri Blend,2026-09-20,4.8746,glacier
Retacagri Blend,2026-09-21,4.8746,glacier
Retacagri Blend,2026-09-22,4.8746,glacier
Retacagri Blend,2026-09-23,4.8746,glacier
Retacagri Blend,2026-09-24,4.8746,glacier
Retatrutide,2026-06-01,3.9149,glacier
Retatrutide,2026-06-02,3.9149,glacier
Retatrutide,2026-06-03,3.9149,glacier
Retatrutide,2026-06-05,3.9149,glacier
Retatrutide,2026-06-08,3.9149,glacier
Retatrutide,2026-06-09,3.9149,glacier
Retatrutide,2026-06-10,2.755,retaone
Retatrutide,2026-06-11,2.755,retaone
Retatrutide,2026-06-12,2.755,retaone
Retatrutide,2026-06-15,2.755,retaone
Retatrutide,2026-06-16,2.755,retaone
Retatrutide,2026-06-17,2.755,retaone
Retatrutide,2026-06-18,2.755,retaone
Retatrutide,2026-06-19,2.755,retaone
Retatrutide,2026-06-20,2.755,retaone
Retatrutide,2026-06-21,2.755,retaone
Retatrutide,2026-06-22,2.755,retaone
Retatrutide,2026-06-23,2.755,retaone
Retatrutide,2026-06-24,2.755,retaone
Retatrutide,2026-06-25,2.755,retaone
Retatrutide,2026-06-26,2.755,retaone
Retatrutide,2026-07-06,2.755,retaone
Retatrutide,2026-07-09,0.9299,glacier
Retatrutide,2026-07-10,0.9299,glacier
Retatrutide,2026-07-11,0.9299,glacier
Retatrutide,2026-07-12,0.9299,glacier
Retatrutide,2026-07-13,0.9299,glacier
Retatrutide,2026-07-14,0.9299,glacier
Retatrutide,2026-07-15,0.9299,glacier
Retatrutide,2026-07-16,0.9299,glacier
Retatrutide,2026-07-19,0.9299,glacier
Retatrutide,2026-07-20,0.9299,glacier
Retatrutide,2026-07-23,0.9299,glacier
Retatrutide,2026-07-24,0.9299,glacier
Retatrutide,2026-07-25,0.9299,glacier
Retatrutide,2026-07-26,0.9299,glacier
Retatrutide,2026-07-27,0.9299,glacier
Retatrutide,2026-07-28,0.9299,glacier
Retatrutide,2026-07-29,0.9299,glacier
Retatrutide,2026-07-30,2.755,retaone
Retatrutide,2026-07-31,2.755,retaone
Retatrutide,2026-08-01,2.755,retaone
Retatrutide,2026-08-02,2.755,retaone
Retatrutide,2026-08-03,2.755,retaone
Retatrutide,2026-08-04,2.755,retaone
Retatrutide,2026-08-05,2.1152,glowaminos
Retatrutide,2026-08-06,2.1152,glowaminos
Retatrutide,2026-08-07,2.1152,glowaminos
Retatrutide,2026-08-08,2.1152,glowaminos
Retatrutide,2026-08-09,2.1152,glowaminos
Retatrutide,2026-08-10,2.1152,glowaminos
Retatrutide,2026-08-11,2.1152,glowaminos
Retatrutide,2026-08-12,2.1152,glowaminos
Retatrutide,2026-08-13,2.1152,glowaminos
Retatrutide,2026-09-07,2.1152,glowaminos
Retatrutide,2026-09-08,2.1152,glowaminos
Retatrutide,2026-09-11,2.1152,glowaminos
Retatrutide,2026-09-12,2.1152,glowaminos
Retatrutide,2026-09-13,2.1152,glowaminos
Retatrutide,2026-09-14,2.1152,glowaminos
Retatrutide,2026-09-15,2.1152,glowaminos
Retatrutide,2026-09-16,2.1152,glowaminos
Retatrutide,2026-09-17,2.1152,glowaminos
Retatrutide,2026-09-18,2.1152,glowaminos
Retatrutide,2026-09-19,2.1152,glowaminos
Retatrutide,2026-09-20,2.1152,glowaminos
Retatrutide,2026-09-21,2.1152,glowaminos
Retatrutide,2026-09-22,2.1152,glowaminos
Retatrutide,2026-09-23,2.1152,glowaminos
Retatrutide,2026-09-24,2.1152,glowaminos
SLU-PP-332,2026-06-02,4.2217,ion
SLU-PP-332,2026-06-03,4.2217,ion
SLU-PP-332,2026-06-05,2.295,fusion
SLU-PP-332,2026-06-08,2.295,fusion
SLU-PP-332,2026-06-09,2.295,fusion
SLU-PP-332,2026-06-10,4.2217,ion
SLU-PP-332,2026-06-11,4.2217,ion
SLU-PP-332,2026-06-12,0.0328,swisschems
SLU-PP-332,2026-06-15,0.0328,swisschems
SLU-PP-332,2026-06-16,0.0328,swisschems
SLU-PP-332,2026-06-17,0.0328,swisschems
SLU-PP-332,2026-06-18,0.0328,swisschems
SLU-PP-332,2026-06-19,0.0328,swisschems
SLU-PP-332,2026-06-20,0.0328,swisschems
SLU-PP-332,2026-06-21,0.0328,swisschems
SLU-PP-332,2026-06-22,0.0328,swisschems
SLU-PP-332,2026-06-23,0.0328,swisschems
SLU-PP-332,2026-06-24,0.0328,swisschems
SLU-PP-332,2026-06-25,0.0328,swisschems
SLU-PP-332,2026-06-26,0.0328,swisschems
SLU-PP-332,2026-07-06,0.0328,swisschems
SLU-PP-332,2026-07-09,0.0328,swisschems
SLU-PP-332,2026-07-10,0.0328,swisschems
SLU-PP-332,2026-07-11,0.0328,swisschems
SLU-PP-332,2026-07-12,0.0328,swisschems
SLU-PP-332,2026-07-13,0.0328,swisschems
SLU-PP-332,2026-07-14,0.0328,swisschems
SLU-PP-332,2026-07-15,0.0328,swisschems
SLU-PP-332,2026-07-16,0.0328,swisschems
SLU-PP-332,2026-07-19,0.0328,swisschems
SLU-PP-332,2026-07-20,0.0328,swisschems
SLU-PP-332,2026-07-23,0.0328,swisschems
SLU-PP-332,2026-07-24,0.0328,swisschems
SLU-PP-332,2026-07-25,0.0328,swisschems
SLU-PP-332,2026-07-26,0.0328,swisschems
SLU-PP-332,2026-07-27,0.0328,swisschems
SLU-PP-332,2026-07-28,0.0328,swisschems
SLU-PP-332,2026-07-29,0.0328,swisschems
SLU-PP-332,2026-07-30,0.0328,swisschems
SLU-PP-332,2026-07-31,0.0328,swisschems
SLU-PP-332,2026-08-01,0.0328,swisschems
SLU-PP-332,2026-08-02,0.0328,swisschems
SLU-PP-332,2026-08-03,0.0328,swisschems
SLU-PP-332,2026-08-04,0.0328,swisschems
SLU-PP-332,2026-08-05,0.0328,swisschems
SLU-PP-332,2026-08-06,0.0328,swisschems
SLU-PP-332,2026-08-07,0.0328,swisschems
SLU-PP-332,2026-08-08,0.0328,swisschems
SLU-PP-332,2026-08-09,0.0328,swisschems
SLU-PP-332,2026-08-10,0.0328,swisschems
SLU-PP-332,2026-08-11,0.0328,swisschems
SLU-PP-332,2026-08-12,0.0328,swisschems
SLU-PP-332,2026-08-13,0.0328,swisschems
SLU-PP-332,2026-09-07,0.0328,swisschems
SLU-PP-332,2026-09-08,0.0328,swisschems
SLU-PP-332,2026-09-11,0.0328,swisschems
SLU-PP-332,2026-09-12,0.0328,swisschems
SLU-PP-332,2026-09-13,0.0328,swisschems
SLU-PP-332,2026-09-14,0.0328,swisschems
SLU-PP-332,2026-09-15,0.0328,swisschems
SLU-PP-332,2026-09-16,0.0328,swisschems
SLU-PP-332,2026-09-17,0.0328,swisschems
SLU-PP-332,2026-09-18,0.0328,swisschems
SLU-PP-332,2026-09-19,0.0328,swisschems
SLU-PP-332,2026-09-20,0.0328,swisschems
SLU-PP-332,2026-09-21,0.0328,swisschems
SLU-PP-332,2026-09-22,0.0328,swisschems
SLU-PP-332,2026-09-23,0.0328,swisschems
SLU-PP-332,2026-09-24,0.0328,swisschems
SS-31,2026-06-01,2.295,nura
SS-31,2026-06-02,2.295,nura
SS-31,2026-06-03,2.295,nura
SS-31,2026-06-05,2.0825,fusion
SS-31,2026-06-08,2.0825,fusion
SS-31,2026-06-09,2.0825,fusion
SS-31,2026-06-10,2.363,ion
SS-31,2026-06-11,2.363,ion
SS-31,2026-06-12,1.445,hydro
SS-31,2026-06-15,1.445,hydro
SS-31,2026-06-16,1.445,hydro
SS-31,2026-06-17,1.445,hydro
SS-31,2026-06-18,1.445,hydro
SS-31,2026-06-19,1.445,hydro
SS-31,2026-06-20,1.445,hydro
SS-31,2026-06-21,1.445,hydro
SS-31,2026-06-22,1.445,hydro
SS-31,2026-06-23,1.445,hydro
SS-31,2026-06-24,2.363,ion
SS-31,2026-06-25,2.363,ion
SS-31,2026-06-26,2.363,ion
SS-31,2026-07-06,2.363,ion
SS-31,2026-07-09,2.363,ion
SS-31,2026-07-10,2.363,ion
SS-31,2026-07-11,2.363,ion
SS-31,2026-07-12,2.363,ion
SS-31,2026-07-13,2.363,ion
SS-31,2026-07-14,1.088,platinum
SS-31,2026-07-15,1.088,platinum
SS-31,2026-07-16,1.088,platinum
SS-31,2026-07-19,1.088,platinum
SS-31,2026-07-20,1.088,platinum
SS-31,2026-07-23,1.088,platinum
SS-31,2026-07-24,1.088,platinum
SS-31,2026-07-25,1.088,platinum
SS-31,2026-07-26,1.088,platinum
SS-31,2026-07-27,1.088,platinum
SS-31,2026-07-28,1.088,platinum
SS-31,2026-07-29,0.7306,fusion
SS-31,2026-07-30,2.363,ion
SS-31,2026-07-31,2.363,ion
SS-31,2026-08-01,2.363,ion
SS-31,2026-08-02,2.363,ion
SS-31,2026-08-03,2.363,ion
SS-31,2026-08-04,2.363,ion
SS-31,2026-08-05,2.363,ion
SS-31,2026-08-06,2.363,ion
SS-31,2026-08-07,2.363,ion
SS-31,2026-08-08,2.363,ion
SS-31,2026-08-09,2.363,ion
SS-31,2026-08-10,2.363,ion
SS-31,2026-08-11,2.363,ion
SS-31,2026-08-12,2.363,ion
SS-31,2026-08-13,2.363,ion
SS-31,2026-09-07,2.363,ion
SS-31,2026-09-08,2.363,ion
SS-31,2026-09-11,2.363,ion
SS-31,2026-09-12,2.363,ion
SS-31,2026-09-13,2.363,ion
SS-31,2026-09-14,2.363,ion
SS-31,2026-09-15,2.363,ion
SS-31,2026-09-16,2.363,ion
SS-31,2026-09-17,2.363,ion
SS-31,2026-09-18,2.363,ion
SS-31,2026-09-19,2.363,ion
SS-31,2026-09-20,2.363,ion
SS-31,2026-09-21,2.363,ion
SS-31,2026-09-22,2.363,ion
SS-31,2026-09-23,2.363,ion
SS-31,2026-09-24,2.363,ion
Selank,2026-06-01,2.975,atomik
Selank,2026-06-02,2.975,atomik
Selank,2026-06-03,2.975,atomik
Selank,2026-06-05,2.295,fusion
Selank,2026-06-08,2.295,fusion
Selank,2026-06-09,2.295,fusion
Selank,2026-06-10,2.295,fusion
Selank,2026-06-11,2.295,fusion
Selank,2026-06-12,2.295,fusion
Selank,2026-06-15,2.295,fusion
Selank,2026-06-16,2.295,fusion
Selank,2026-06-17,2.295,fusion
Selank,2026-06-18,2.295,fusion
Selank,2026-06-19,2.295,fusion
Selank,2026-06-20,2.295,fusion
Selank,2026-06-21,2.295,fusion
Selank,2026-06-22,2.295,fusion
Selank,2026-06-23,2.295,fusion
Selank,2026-06-24,2.295,fusion
Selank,2026-06-25,2.295,fusion
Selank,2026-06-26,2.295,fusion
Selank,2026-07-06,2.295,fusion
Selank,2026-07-09,2.375,ascension
Selank,2026-07-10,2.375,ascension
Selank,2026-07-11,2.375,ascension
Selank,2026-07-12,2.375,ascension
Selank,2026-07-13,2.375,ascension
Selank,2026-07-14,2.375,ascension
Selank,2026-07-15,2.375,ascension
Selank,2026-07-16,2.375,ascension
Selank,2026-07-19,2.375,ascension
Selank,2026-07-20,2.375,ascension
Selank,2026-07-23,2.375,ascension
Selank,2026-07-24,2.375,ascension
Selank,2026-07-25,2.375,ascension
Selank,2026-07-26,2.375,ascension
Selank,2026-07-27,2.375,ascension
Selank,2026-07-28,2.375,ascension
Selank,2026-07-29,2.375,ascension
Selank,2026-07-30,2.375,ascension
Selank,2026-07-31,2.375,ascension
Selank,2026-08-01,2.375,ascension
Selank,2026-08-02,2.2763,glowlab
Selank,2026-08-03,2.2763,glowlab
Selank,2026-08-04,2.2763,glowlab
Selank,2026-08-05,2.2763,glowlab
Selank,2026-08-06,2.2763,glowlab
Selank,2026-08-07,2.2763,glowlab
Selank,2026-08-08,2.2763,glowlab
Selank,2026-08-09,2.2763,glowlab
Selank,2026-08-10,2.2763,glowlab
Selank,2026-08-11,2.2763,glowlab
Selank,2026-08-12,2.2763,glowlab
Selank,2026-08-13,2.2763,glowlab
Selank,2026-09-07,2.2763,glowlab
Selank,2026-09-08,2.2763,glowlab
Selank,2026-09-11,2.205,atomik
Selank,2026-09-12,2.205,atomik
Selank,2026-09-13,2.205,atomik
Selank,2026-09-14,2.205,atomik
Selank,2026-09-15,2.205,atomik
Selank,2026-09-16,2.205,atomik
Selank,2026-09-17,2.205,atomik
Selank,2026-09-18,2.205,atomik
Selank,2026-09-19,2.205,atomik
Selank,2026-09-20,2.205,atomik
Selank,2026-09-21,2.205,atomik
Selank,2026-09-22,2.205,atomik
Selank,2026-09-23,2.205,atomik
Selank,2026-09-24,2.205,atomik
Sema/Cagri Blend,2026-07-13,11.0457,platinum
Sema/Cagri Blend,2026-07-14,10.965,platinum
Sema/Cagri Blend,2026-07-15,10.965,platinum
Sema/Cagri Blend,2026-07-16,10.965,platinum
Sema/Cagri Blend,2026-07-19,10.965,platinum
Sema/Cagri Blend,2026-07-20,10.965,platinum
Sema/Cagri Blend,2026-07-23,10.965,platinum
Sema/Cagri Blend,2026-07-24,10.965,platinum
Sema/Cagri Blend,2026-07-25,10.965,platinum
Sema/Cagri Blend,2026-07-26,10.965,platinum
Sema/Cagri Blend,2026-07-27,10.965,platinum
Sema/Cagri Blend,2026-07-28,10.965,platinum
Sema/Cagri Blend,2026-07-29,10.965,platinum
Sema/Cagri Blend,2026-07-30,10.965,platinum
Sema/Cagri Blend,2026-07-31,10.965,platinum
Sema/Cagri Blend,2026-08-01,10.965,platinum
Sema/Cagri Blend,2026-08-02,10.965,platinum
Sema/Cagri Blend,2026-08-03,10.965,platinum
Sema/Cagri Blend,2026-08-04,10.965,platinum
Sema/Cagri Blend,2026-08-05,10.965,platinum
Sema/Cagri Blend,2026-08-06,10.965,platinum
Sema/Cagri Blend,2026-08-07,10.965,platinum
Sema/Cagri Blend,2026-08-08,10.965,platinum
Sema/Cagri Blend,2026-08-09,10.965,platinum
Sema/Cagri Blend,2026-08-10,10.965,platinum
Sema/Cagri Blend,2026-08-11,10.965,platinum
Sema/Cagri Blend,2026-08-12,10.965,platinum
Sema/Cagri Blend,2026-08-13,10.965,platinum
Sema/Cagri Blend,2026-09-07,8.49,glp1lab
Sema/Cagri Blend,2026-09-08,8.49,glp1lab
Sema/Cagri Blend,2026-09-11,8.49,glp1lab
Sema/Cagri Blend,2026-09-12,8.49,glp1lab
Sema/Cagri Blend,2026-09-13,8.49,glp1lab
Sema/Cagri Blend,2026-09-14,8.49,glp1lab
Sema/Cagri Blend,2026-09-15,8.49,glp1lab
Sema/Cagri Blend,2026-09-16,8.49,glp1lab
Sema/Cagri Blend,2026-09-17,8.49,glp1lab
Sema/Cagri Blend,2026-09-18,8.49,glp1lab
Sema/Cagri Blend,2026-09-19,8.49,glp1lab
Sema/Cagri Blend,2026-09-20,8.49,glp1lab
Sema/Cagri Blend,2026-09-21,8.49,glp1lab
Sema/Cagri Blend,2026-09-22,8.49,glp1lab
Sema/Cagri Blend,2026-09-23,8.49,glp1lab
Sema/Cagri Blend,2026-09-24,8.49,glp1lab
Semaglutide,2026-06-01,4.32,ezpeptides
Semaglutide,2026-06-02,2.755,retaone
Semaglutide,2026-06-03,2.755,retaone
Semaglutide,2026-06-05,2.755,retaone
Semaglutide,2026-06-08,2.755,retaone
Semaglutide,2026-06-09,2.755,retaone
Semaglutide,2026-06-10,1.8525,retaone
Semaglutide,2026-06-11,1.8525,retaone
Semaglutide,2026-06-12,1.8525,retaone
Semaglutide,2026-06-15,1.8525,retaone
Semaglutide,2026-06-16,1.8525,retaone
Semaglutide,2026-06-17,1.8525,retaone
Semaglutide,2026-06-18,1.8525,retaone
Semaglutide,2026-06-19,1.8525,retaone
Semaglutide,2026-06-20,1.8525,retaone
Semaglutide,2026-06-21,1.8525,retaone
Semaglutide,2026-06-22,1.8525,retaone
Semaglutide,2026-06-23,1.8525,retaone
Semaglutide,2026-06-24,1.8525,retaone
Semaglutide,2026-06-25,1.8525,retaone
Semaglutide,2026-06-26,1.8525,retaone
Semaglutide,2026-07-06,1.8525,retaone
Semaglutide,2026-07-09,1.8525,retaone
Semaglutide,2026-07-10,1.8525,retaone
Semaglutide,2026-07-11,1.8525,retaone
Semaglutide,2026-07-12,1.8525,retaone
Semaglutide,2026-07-13,1.8525,retaone
Semaglutide,2026-07-14,1.8525,retaone
Semaglutide,2026-07-15,1.8525,retaone
Semaglutide,2026-07-16,1.8525,retaone
Semaglutide,2026-07-19,1.8525,retaone
Semaglutide,2026-07-20,1.8525,retaone
Semaglutide,2026-07-23,1.8525,retaone
Semaglutide,2026-07-24,1.8525,retaone
Semaglutide,2026-07-25,1.8525,retaone
Semaglutide,2026-07-26,1.8525,retaone
Semaglutide,2026-07-27,1.8525,retaone
Semaglutide,2026-07-28,1.8525,retaone
Semaglutide,2026-07-29,1.8525,retaone
Semaglutide,2026-07-30,1.8525,retaone
Semaglutide,2026-07-31,1.8525,retaone
Semaglutide,2026-08-01,1.8525,retaone
Semaglutide,2026-08-02,1.8525,retaone
Semaglutide,2026-08-03,1.8525,retaone
Semaglutide,2026-08-04,1.8525,retaone
Semaglutide,2026-08-05,1.8525,retaone
Semaglutide,2026-08-06,1.8525,retaone
Semaglutide,2026-08-07,1.8525,retaone
Semaglutide,2026-08-08,1.8525,retaone
Semaglutide,2026-08-09,1.8525,retaone
Semaglutide,2026-08-10,1.8525,retaone
Semaglutide,2026-08-11,1.8525,retaone
Semaglutide,2026-08-12,1.8525,retaone
Semaglutide,2026-08-13,1.8525,retaone
Semaglutide,2026-09-07,1.8525,retaone
Semaglutide,2026-09-08,1.8525,retaone
Semaglutide,2026-09-11,1.8525,retaone
Semaglutide,2026-09-12,1.8525,retaone
Semaglutide,2026-09-13,1.8525,retaone
Semaglutide,2026-09-14,1.8525,retaone
Semaglutide,2026-09-15,1.8525,retaone
Semaglutide,2026-09-16,1.8525,retaone
Semaglutide,2026-09-17,1.8525,retaone
Semaglutide,2026-09-18,1.8525,retaone
Semaglutide,2026-09-19,1.8525,retaone
Semaglutide,2026-09-20,1.8525,retaone
Semaglutide,2026-09-21,1.8525,retaone
Semaglutide,2026-09-22,1.8525,retaone
Semaglutide,2026-09-23,1.8525,retaone
Semaglutide,2026-09-24,1.8525,retaone
Semax,2026-06-01,2.7965,ion
Semax,2026-06-02,2.7965,ion
Semax,2026-06-03,2.7965,ion
Semax,2026-06-05,1.615,fusion
Semax,2026-06-08,1.615,fusion
Semax,2026-06-09,1.615,fusion
Semax,2026-06-10,1.615,fusion
Semax,2026-06-11,1.615,fusion
Semax,2026-06-12,1.615,fusion
Semax,2026-06-15,1.615,fusion
Semax,2026-06-16,1.615,fusion
Semax,2026-06-17,1.615,fusion
Semax,2026-06-18,1.615,fusion
Semax,2026-06-19,1.615,fusion
Semax,2026-06-20,1.615,fusion
Semax,2026-06-21,1.615,fusion
Semax,2026-06-22,1.615,fusion
Semax,2026-06-23,1.615,fusion
Semax,2026-06-24,1.615,fusion
Semax,2026-06-25,1.615,fusion
Semax,2026-06-26,1.615,fusion
Semax,2026-07-06,1.615,fusion
Semax,2026-07-09,2.465,swisschems
Semax,2026-07-10,2.465,swisschems
Semax,2026-07-11,2.465,swisschems
Semax,2026-07-12,2.465,swisschems
Semax,2026-07-13,2.465,swisschems
Semax,2026-07-14,2.465,swisschems
Semax,2026-07-15,2.465,swisschems
Semax,2026-07-16,2.465,swisschems
Semax,2026-07-19,2.465,swisschems
Semax,2026-07-20,2.465,swisschems
Semax,2026-07-23,2.465,swisschems
Semax,2026-07-24,2.465,swisschems
Semax,2026-07-25,2.465,swisschems
Semax,2026-07-26,2.465,swisschems
Semax,2026-07-27,2.465,swisschems
Semax,2026-07-28,2.465,swisschems
Semax,2026-07-29,2.465,swisschems
Semax,2026-07-30,2.465,swisschems
Semax,2026-07-31,2.465,swisschems
Semax,2026-08-01,2.465,swisschems
Semax,2026-08-02,2.465,swisschems
Semax,2026-08-03,2.465,swisschems
Semax,2026-08-04,2.465,swisschems
Semax,2026-08-05,2.156,glowaminos
Semax,2026-08-06,2.156,glowaminos
Semax,2026-08-07,2.156,glowaminos
Semax,2026-08-08,2.156,glowaminos
Semax,2026-08-09,2.156,glowaminos
Semax,2026-08-10,2.156,glowaminos
Semax,2026-08-11,2.156,glowaminos
Semax,2026-08-12,2.156,glowaminos
Semax,2026-08-13,2.156,glowaminos
Semax,2026-09-07,2.156,glowaminos
Semax,2026-09-08,2.156,glowaminos
Semax,2026-09-11,1.89,atomik
Semax,2026-09-12,1.89,atomik
Semax,2026-09-13,1.89,atomik
Semax,2026-09-14,1.89,atomik
Semax,2026-09-15,1.89,atomik
Semax,2026-09-16,1.89,atomik
Semax,2026-09-17,1.89,atomik
Semax,2026-09-18,1.89,atomik
Semax,2026-09-19,1.89,atomik
Semax,2026-09-20,1.89,atomik
Semax,2026-09-21,1.89,atomik
Semax,2026-09-22,1.89,atomik
Semax,2026-09-23,1.89,atomik
Semax,2026-09-24,1.89,atomik
Semax/Selank Blend,2026-06-02,3.6895,glacier
Semax/Selank Blend,2026-06-03,3.6895,glacier
Semax/Selank Blend,2026-06-05,3.6895,glacier
Semax/Selank Blend,2026-06-08,3.6895,glacier
Semax/Selank Blend,2026-06-09,3.6895,glacier
Semax/Selank Blend,2026-06-10,3.6895,glacier
Semax/Selank Blend,2026-06-11,3.6895,glacier
Semax/Selank Blend,2026-06-12,3.6895,glacier
Semax/Selank Blend,2026-06-15,3.6895,glacier
Semax/Selank Blend,2026-06-16,3.6895,glacier
Semax/Selank Blend,2026-06-17,3.6895,glacier
Semax/Selank Blend,2026-06-18,3.6895,glacier
Semax/Selank Blend,2026-06-19,3.6895,glacier
Semax/Selank Blend,2026-06-20,3.6895,glacier
Semax/Selank Blend,2026-06-21,3.6895,glacier
Semax/Selank Blend,2026-06-22,3.6895,glacier
Semax/Selank Blend,2026-06-23,3.6895,glacier
Semax/Selank Blend,2026-06-24,3.6895,glacier
Semax/Selank Blend,2026-06-25,1.9796,certapeptides
Semax/Selank Blend,2026-06-26,1.9796,certapeptides
Semax/Selank Blend,2026-07-06,1.9796,certapeptides
Semax/Selank Blend,2026-07-09,1.9796,certapeptides
Semax/Selank Blend,2026-07-10,1.9796,certapeptides
Semax/Selank Blend,2026-07-11,1.9796,certapeptides
Semax/Selank Blend,2026-07-12,1.9796,certapeptides
Semax/Selank Blend,2026-07-13,1.9796,certapeptides
Semax/Selank Blend,2026-07-14,1.9796,certapeptides
Semax/Selank Blend,2026-07-15,1.9796,certapeptides
Semax/Selank Blend,2026-07-16,1.9796,certapeptides
Semax/Selank Blend,2026-07-19,1.9796,certapeptides
Semax/Selank Blend,2026-07-20,1.9796,certapeptides
Semax/Selank Blend,2026-07-23,1.9796,certapeptides
Semax/Selank Blend,2026-07-24,1.9796,certapeptides
Semax/Selank Blend,2026-07-25,1.9796,certapeptides
Semax/Selank Blend,2026-07-26,1.9796,certapeptides
Semax/Selank Blend,2026-07-27,1.9796,certapeptides
Semax/Selank Blend,2026-07-28,1.9796,certapeptides
Semax/Selank Blend,2026-07-29,1.9796,certapeptides
Semax/Selank Blend,2026-07-30,1.9796,certapeptides
Semax/Selank Blend,2026-07-31,1.9796,certapeptides
Semax/Selank Blend,2026-08-01,1.9796,certapeptides
Semax/Selank Blend,2026-08-02,1.9796,certapeptides
Semax/Selank Blend,2026-08-03,1.9796,certapeptides
Semax/Selank Blend,2026-08-04,1.9796,certapeptides
Semax/Selank Blend,2026-08-05,1.9796,certapeptides
Semax/Selank Blend,2026-08-06,1.9796,certapeptides
Semax/Selank Blend,2026-08-07,1.9796,certapeptides
Semax/Selank Blend,2026-08-08,1.9796,certapeptides
Semax/Selank Blend,2026-08-09,1.9796,certapeptides
Semax/Selank Blend,2026-08-10,1.9796,certapeptides
Semax/Selank Blend,2026-08-11,1.9796,certapeptides
Semax/Selank Blend,2026-08-12,1.9796,certapeptides
Semax/Selank Blend,2026-08-13,1.9796,certapeptides
Semax/Selank Blend,2026-09-07,1.9796,certapeptides
Semax/Selank Blend,2026-09-08,1.9796,certapeptides
Semax/Selank Blend,2026-09-11,1.9796,certapeptides
Semax/Selank Blend,2026-09-12,1.9796,certapeptides
Semax/Selank Blend,2026-09-13,1.9796,certapeptides
Semax/Selank Blend,2026-09-14,1.9796,certapeptides
Semax/Selank Blend,2026-09-15,1.9796,certapeptides
Semax/Selank Blend,2026-09-16,1.9796,certapeptides
Semax/Selank Blend,2026-09-17,1.9796,certapeptides
Semax/Selank Blend,2026-09-18,1.9796,certapeptides
Semax/Selank Blend,2026-09-19,1.9796,certapeptides
Semax/Selank Blend,2026-09-20,1.9796,certapeptides
Semax/Selank Blend,2026-09-21,1.9796,certapeptides
Semax/Selank Blend,2026-09-22,1.9796,certapeptides
Semax/Selank Blend,2026-09-23,1.9796,certapeptides
Semax/Selank Blend,2026-09-24,1.9796,certapeptides
Sermorelin,2026-06-01,5.44,atomik
Sermorelin,2026-06-02,5.44,atomik
Sermorelin,2026-06-03,5.44,atomik
Sermorelin,2026-06-05,3.23,fusion
Sermorelin,2026-06-08,3.23,fusion
Sermorelin,2026-06-09,3.23,fusion
Sermorelin,2026-06-10,3.23,fusion
Sermorelin,2026-06-11,3.23,fusion
Sermorelin,2026-06-12,3.23,fusion
Sermorelin,2026-06-15,3.23,fusion
Sermorelin,2026-06-16,3.23,fusion
Sermorelin,2026-06-17,3.23,fusion
Sermorelin,2026-06-18,3.23,fusion
Sermorelin,2026-06-19,3.23,fusion
Sermorelin,2026-06-20,3.23,fusion
Sermorelin,2026-06-21,3.23,fusion
Sermorelin,2026-06-22,3.23,fusion
Sermorelin,2026-06-23,3.23,fusion
Sermorelin,2026-06-24,3.23,fusion
Sermorelin,2026-06-25,3.23,fusion
Sermorelin,2026-06-26,3.23,fusion
Sermorelin,2026-07-06,3.23,fusion
Sermorelin,2026-07-09,3.6,ascension
Sermorelin,2026-07-10,3.6,ascension
Sermorelin,2026-07-11,3.6,ascension
Sermorelin,2026-07-12,3.6,ascension
Sermorelin,2026-07-13,3.6,ascension
Sermorelin,2026-07-14,3.6,ascension
Sermorelin,2026-07-15,3.6,ascension
Sermorelin,2026-07-16,3.6,ascension
Sermorelin,2026-07-19,3.6,ascension
Sermorelin,2026-07-20,3.6,ascension
Sermorelin,2026-07-23,3.6,ascension
Sermorelin,2026-07-24,3.6,ascension
Sermorelin,2026-07-25,3.6,ascension
Sermorelin,2026-07-26,3.6,ascension
Sermorelin,2026-07-27,3.6,ascension
Sermorelin,2026-07-28,3.6,ascension
Sermorelin,2026-07-29,3.6,ascension
Sermorelin,2026-07-30,3.6,ascension
Sermorelin,2026-07-31,3.6,ascension
Sermorelin,2026-08-01,3.6,ascension
Sermorelin,2026-08-02,3.6,ascension
Sermorelin,2026-08-03,3.6,ascension
Sermorelin,2026-08-04,3.6,ascension
Sermorelin,2026-08-05,3.6,ascension
Sermorelin,2026-08-06,3.6,ascension
Sermorelin,2026-08-07,3.6,ascension
Sermorelin,2026-08-08,3.6,ascension
Sermorelin,2026-08-09,3.6,ascension
Sermorelin,2026-08-10,3.6,ascension
Sermorelin,2026-08-11,3.6,ascension
Sermorelin,2026-08-12,3.6,ascension
Sermorelin,2026-08-13,3.6,ascension
Sermorelin,2026-09-07,3.6,ascension
Sermorelin,2026-09-08,3.6,ascension
Sermorelin,2026-09-11,3.6,ascension
Sermorelin,2026-09-12,3.6,ascension
Sermorelin,2026-09-13,3.6,ascension
Sermorelin,2026-09-14,3.6,ascension
Sermorelin,2026-09-15,3.6,ascension
Sermorelin,2026-09-16,3.6,ascension
Sermorelin,2026-09-17,3.6,ascension
Sermorelin,2026-09-18,3.6,ascension
Sermorelin,2026-09-19,3.6,ascension
Sermorelin,2026-09-20,3.6,ascension
Sermorelin,2026-09-21,3.6,ascension
Sermorelin,2026-09-22,3.6,ascension
Sermorelin,2026-09-23,3.6,ascension
Sermorelin,2026-09-24,3.6,ascension
Snap-8,2026-06-02,3.1491,lapeptides
Snap-8,2026-06-03,3.1491,lapeptides
Snap-8,2026-06-05,2.295,fusion
Snap-8,2026-06-08,2.295,fusion
Snap-8,2026-06-09,2.295,fusion
Snap-8,2026-06-10,3.1491,lapeptides
Snap-8,2026-06-11,3.1491,lapeptides
Snap-8,2026-06-12,2.295,hydro
Snap-8,2026-06-15,2.295,hydro
Snap-8,2026-06-16,2.295,hydro
Snap-8,2026-06-17,2.295,hydro
Snap-8,2026-06-18,2.295,hydro
Snap-8,2026-06-19,2.295,hydro
Snap-8,2026-06-20,2.295,hydro
Snap-8,2026-06-21,2.295,hydro
Snap-8,2026-06-22,2.295,hydro
Snap-8,2026-06-23,2.295,hydro
Snap-8,2026-06-24,2.55,hydro
Snap-8,2026-06-25,2.55,hydro
Snap-8,2026-06-26,2.55,hydro
Snap-8,2026-07-06,2.55,hydro
Snap-8,2026-07-09,2.55,hydro
Snap-8,2026-07-10,2.55,hydro
Snap-8,2026-07-11,2.55,hydro
Snap-8,2026-07-12,2.55,hydro
Snap-8,2026-07-13,2.55,hydro
Snap-8,2026-07-14,2.55,hydro
Snap-8,2026-07-15,2.55,hydro
Snap-8,2026-07-16,2.55,hydro
Snap-8,2026-07-19,2.55,hydro
Snap-8,2026-07-20,2.55,hydro
Snap-8,2026-07-23,2.55,hydro
Snap-8,2026-07-24,2.55,hydro
Snap-8,2026-07-25,2.55,hydro
Snap-8,2026-07-26,2.55,hydro
Snap-8,2026-07-27,2.55,hydro
Snap-8,2026-07-28,2.55,hydro
Snap-8,2026-07-29,2.55,hydro
Snap-8,2026-07-30,2.55,hydro
Snap-8,2026-07-31,2.55,hydro
Snap-8,2026-08-01,2.55,hydro
Snap-8,2026-08-02,2.55,hydro
Snap-8,2026-08-03,2.55,hydro
Snap-8,2026-08-04,2.55,hydro
Snap-8,2026-08-05,1.911,glowaminos
Snap-8,2026-08-06,1.911,glowaminos
Snap-8,2026-08-07,1.911,glowaminos
Snap-8,2026-08-08,1.911,glowaminos
Snap-8,2026-08-09,1.911,glowaminos
Snap-8,2026-08-10,1.911,glowaminos
Snap-8,2026-08-11,1.911,glowaminos
Snap-8,2026-08-12,1.911,glowaminos
Snap-8,2026-08-13,1.911,glowaminos
Snap-8,2026-09-07,1.911,glowaminos
Snap-8,2026-09-08,1.911,glowaminos
Snap-8,2026-09-11,1.911,glowaminos
Snap-8,2026-09-12,1.911,glowaminos
Snap-8,2026-09-13,1.911,glowaminos
Snap-8,2026-09-14,1.911,glowaminos
Snap-8,2026-09-15,1.911,glowaminos
Snap-8,2026-09-16,1.911,glowaminos
Snap-8,2026-09-17,1.911,glowaminos
Snap-8,2026-09-18,1.911,glowaminos
Snap-8,2026-09-19,1.911,glowaminos
Snap-8,2026-09-20,1.911,glowaminos
Snap-8,2026-09-21,1.911,glowaminos
Snap-8,2026-09-22,1.911,glowaminos
Snap-8,2026-09-23,1.911,glowaminos
Snap-8,2026-09-24,1.911,glowaminos
Survodutide,2026-06-18,7.02,ezpeptides
Survodutide,2026-06-19,7.02,ezpeptides
Survodutide,2026-06-20,7.02,ezpeptides
Survodutide,2026-06-21,7.02,ezpeptides
Survodutide,2026-06-22,7.02,ezpeptides
Survodutide,2026-06-23,7.02,ezpeptides
Survodutide,2026-06-24,7.02,ezpeptides
Survodutide,2026-06-25,7.02,ezpeptides
Survodutide,2026-06-26,7.02,ezpeptides
Survodutide,2026-07-06,7.02,ezpeptides
Survodutide,2026-07-09,7.02,ezpeptides
Survodutide,2026-07-10,7.02,ezpeptides
Survodutide,2026-07-11,7.02,ezpeptides
Survodutide,2026-07-12,7.02,ezpeptides
Survodutide,2026-07-13,7.02,ezpeptides
Survodutide,2026-07-14,7.02,ezpeptides
Survodutide,2026-07-15,7.02,ezpeptides
Survodutide,2026-07-16,7.02,ezpeptides
Survodutide,2026-07-19,7.02,ezpeptides
Survodutide,2026-07-20,7.02,ezpeptides
Survodutide,2026-07-23,7.02,ezpeptides
Survodutide,2026-07-24,7.02,ezpeptides
Survodutide,2026-07-25,7.02,ezpeptides
Survodutide,2026-07-26,7.02,ezpeptides
Survodutide,2026-07-27,7.02,ezpeptides
Survodutide,2026-07-28,7.02,ezpeptides
Survodutide,2026-07-29,7.02,ezpeptides
Survodutide,2026-07-30,7.02,ezpeptides
Survodutide,2026-07-31,7.02,ezpeptides
Survodutide,2026-08-01,7.02,ezpeptides
Survodutide,2026-08-02,7.02,ezpeptides
Survodutide,2026-08-03,7.02,ezpeptides
Survodutide,2026-08-04,7.02,ezpeptides
Survodutide,2026-08-05,6.86,glowaminos
Survodutide,2026-08-06,6.86,glowaminos
Survodutide,2026-08-07,6.86,glowaminos
Survodutide,2026-08-08,6.86,glowaminos
Survodutide,2026-08-09,6.86,glowaminos
Survodutide,2026-08-10,6.86,glowaminos
Survodutide,2026-08-11,6.86,glowaminos
Survodutide,2026-08-12,6.86,glowaminos
Survodutide,2026-08-13,6.86,glowaminos
Survodutide,2026-09-07,6.86,glowaminos
Survodutide,2026-09-08,6.86,glowaminos
Survodutide,2026-09-11,6.86,glowaminos
Survodutide,2026-09-12,6.86,glowaminos
Survodutide,2026-09-13,6.86,glowaminos
Survodutide,2026-09-14,6.86,glowaminos
Survodutide,2026-09-15,6.86,glowaminos
Survodutide,2026-09-16,6.86,glowaminos
Survodutide,2026-09-17,6.86,glowaminos
Survodutide,2026-09-18,6.86,glowaminos
Survodutide,2026-09-19,6.86,glowaminos
Survodutide,2026-09-20,6.86,glowaminos
Survodutide,2026-09-21,6.86,glowaminos
Survodutide,2026-09-22,6.86,glowaminos
Survodutide,2026-09-23,6.86,glowaminos
Survodutide,2026-09-24,6.86,glowaminos
TB-500,2026-06-01,2.465,ion
TB-500,2026-06-02,2.465,ion
TB-500,2026-06-03,2.465,ion
TB-500,2026-06-05,2.465,ion
TB-500,2026-06-08,2.465,ion
TB-500,2026-06-09,2.465,ion
TB-500,2026-06-10,2.465,ion
TB-500,2026-06-11,2.465,ion
TB-500,2026-06-12,2.465,ion
TB-500,2026-06-15,2.465,ion
TB-500,2026-06-16,2.465,ion
TB-500,2026-06-17,2.465,ion
TB-500,2026-06-18,2.465,ion
TB-500,2026-06-19,2.465,ion
TB-500,2026-06-20,2.465,ion
TB-500,2026-06-21,2.465,ion
TB-500,2026-06-22,2.465,ion
TB-500,2026-06-23,2.465,ion
TB-500,2026-06-24,2.465,ion
TB-500,2026-06-25,2.465,ion
TB-500,2026-06-26,2.465,ion
TB-500,2026-07-06,2.465,ion
TB-500,2026-07-09,2.465,ion
TB-500,2026-07-10,2.465,ion
TB-500,2026-07-11,2.465,ion
TB-500,2026-07-12,2.465,ion
TB-500,2026-07-13,2.465,ion
TB-500,2026-07-14,2.465,ion
TB-500,2026-07-15,2.465,ion
TB-500,2026-07-16,2.465,ion
TB-500,2026-07-19,2.465,ion
TB-500,2026-07-20,2.465,ion
TB-500,2026-07-23,2.465,ion
TB-500,2026-07-24,2.465,ion
TB-500,2026-07-25,2.465,ion
TB-500,2026-07-26,2.465,ion
TB-500,2026-07-27,2.465,ion
TB-500,2026-07-28,2.465,ion
TB-500,2026-07-29,2.465,ion
TB-500,2026-07-30,2.465,ion
TB-500,2026-07-31,2.465,ion
TB-500,2026-08-01,2.465,ion
TB-500,2026-08-02,2.465,ion
TB-500,2026-08-03,2.465,ion
TB-500,2026-08-04,2.465,ion
TB-500,2026-08-05,2.465,ion
TB-500,2026-08-06,2.465,ion
TB-500,2026-08-07,2.465,ion
TB-500,2026-08-08,2.465,ion
TB-500,2026-08-09,2.465,ion
TB-500,2026-08-10,2.465,ion
TB-500,2026-08-11,2.465,ion
TB-500,2026-08-12,2.465,ion
TB-500,2026-08-13,2.465,ion
TB-500,2026-09-07,2.465,ion
TB-500,2026-09-08,2.465,ion
TB-500,2026-09-11,2.465,ion
TB-500,2026-09-12,2.465,ion
TB-500,2026-09-13,2.465,ion
TB-500,2026-09-14,2.465,ion
TB-500,2026-09-15,2.465,ion
TB-500,2026-09-16,2.465,ion
TB-500,2026-09-17,2.465,ion
TB-500,2026-09-18,2.465,ion
TB-500,2026-09-19,2.465,ion
TB-500,2026-09-20,2.465,ion
TB-500,2026-09-21,2.465,ion
TB-500,2026-09-22,2.465,ion
TB-500,2026-09-23,2.465,ion
TB-500,2026-09-24,2.465,ion
Tesamorelin,2026-06-01,4.675,atomik
Tesamorelin,2026-06-02,4.675,atomik
Tesamorelin,2026-06-03,4.675,atomik
Tesamorelin,2026-06-05,3.91,fusion
Tesamorelin,2026-06-08,3.91,fusion
Tesamorelin,2026-06-09,3.91,fusion
Tesamorelin,2026-06-10,3.705,retaone
Tesamorelin,2026-06-11,3.705,retaone
Tesamorelin,2026-06-12,3.705,retaone
Tesamorelin,2026-06-15,3.705,retaone
Tesamorelin,2026-06-16,3.705,retaone
Tesamorelin,2026-06-17,3.705,retaone
Tesamorelin,2026-06-18,3.705,retaone
Tesamorelin,2026-06-19,3.705,retaone
Tesamorelin,2026-06-20,3.705,retaone
Tesamorelin,2026-06-21,3.705,retaone
Tesamorelin,2026-06-22,3.705,retaone
Tesamorelin,2026-06-23,3.705,retaone
Tesamorelin,2026-06-24,3.705,retaone
Tesamorelin,2026-06-25,3.705,retaone
Tesamorelin,2026-06-26,3.705,retaone
Tesamorelin,2026-07-06,3.705,retaone
Tesamorelin,2026-07-09,2.7475,puratek
Tesamorelin,2026-07-10,2.7475,puratek
Tesamorelin,2026-07-11,2.7475,puratek
Tesamorelin,2026-07-12,2.7475,puratek
Tesamorelin,2026-07-13,2.7475,puratek
Tesamorelin,2026-07-14,2.7475,puratek
Tesamorelin,2026-07-15,2.7475,puratek
Tesamorelin,2026-07-16,2.7475,puratek
Tesamorelin,2026-07-19,2.7475,puratek
Tesamorelin,2026-07-20,2.7475,puratek
Tesamorelin,2026-07-23,2.7475,puratek
Tesamorelin,2026-07-24,2.7475,puratek
Tesamorelin,2026-07-25,2.7475,puratek
Tesamorelin,2026-07-26,2.7475,puratek
Tesamorelin,2026-07-27,2.7475,puratek
Tesamorelin,2026-07-28,2.7475,puratek
Tesamorelin,2026-07-29,2.7475,puratek
Tesamorelin,2026-07-30,3.705,retaone
Tesamorelin,2026-07-31,3.705,retaone
Tesamorelin,2026-08-01,3.705,retaone
Tesamorelin,2026-08-02,3.705,retaone
Tesamorelin,2026-08-03,3.705,retaone
Tesamorelin,2026-08-04,3.705,retaone
Tesamorelin,2026-08-05,3.381,glowaminos
Tesamorelin,2026-08-06,3.381,glowaminos
Tesamorelin,2026-08-07,3.381,glowaminos
Tesamorelin,2026-08-08,3.381,glowaminos
Tesamorelin,2026-08-09,3.381,glowaminos
Tesamorelin,2026-08-10,3.381,glowaminos
Tesamorelin,2026-08-11,3.381,glowaminos
Tesamorelin,2026-08-12,3.381,glowaminos
Tesamorelin,2026-08-13,3.381,glowaminos
Tesamorelin,2026-09-07,3.381,glowaminos
Tesamorelin,2026-09-08,3.381,glowaminos
Tesamorelin,2026-09-11,3.381,glowaminos
Tesamorelin,2026-09-12,3.381,glowaminos
Tesamorelin,2026-09-13,3.381,glowaminos
Tesamorelin,2026-09-14,3.381,glowaminos
Tesamorelin,2026-09-15,3.381,glowaminos
Tesamorelin,2026-09-16,3.381,glowaminos
Tesamorelin,2026-09-17,3.381,glowaminos
Tesamorelin,2026-09-18,3.381,glowaminos
Tesamorelin,2026-09-19,3.381,glowaminos
Tesamorelin,2026-09-20,3.381,glowaminos
Tesamorelin,2026-09-21,3.381,glowaminos
Tesamorelin,2026-09-22,3.381,glowaminos
Tesamorelin,2026-09-23,3.381,glowaminos
Tesamorelin,2026-09-24,3.381,glowaminos
Tesamorelin/Ipamorelin Blend,2026-06-01,3.2038,nura
Tesamorelin/Ipamorelin Blend,2026-06-02,3.2038,nura
Tesamorelin/Ipamorelin Blend,2026-06-03,3.2038,nura
Tesamorelin/Ipamorelin Blend,2026-06-05,3.2038,nura
Tesamorelin/Ipamorelin Blend,2026-06-08,3.2038,nura
Tesamorelin/Ipamorelin Blend,2026-06-09,3.2038,nura
Tesamorelin/Ipamorelin Blend,2026-06-10,3.2038,nura
Tesamorelin/Ipamorelin Blend,2026-06-11,3.2038,nura
Tesamorelin/Ipamorelin Blend,2026-06-12,3.2038,nura
Tesamorelin/Ipamorelin Blend,2026-06-15,3.2038,nura
Tesamorelin/Ipamorelin Blend,2026-06-16,3.2038,nura
Tesamorelin/Ipamorelin Blend,2026-06-17,3.2038,nura
Tesamorelin/Ipamorelin Blend,2026-06-18,3.2038,nura
Tesamorelin/Ipamorelin Blend,2026-06-19,3.2038,nura
Tesamorelin/Ipamorelin Blend,2026-06-20,3.2038,nura
Tesamorelin/Ipamorelin Blend,2026-06-21,3.2038,nura
Tesamorelin/Ipamorelin Blend,2026-06-22,3.2038,nura
Tesamorelin/Ipamorelin Blend,2026-06-23,3.2038,nura
Tesamorelin/Ipamorelin Blend,2026-06-24,3.9667,atomik
Tesamorelin/Ipamorelin Blend,2026-06-25,3.9667,atomik
Tesamorelin/Ipamorelin Blend,2026-06-26,3.9667,atomik
Tesamorelin/Ipamorelin Blend,2026-07-06,3.9667,atomik
Tesamorelin/Ipamorelin Blend,2026-07-09,3.9667,atomik
Tesamorelin/Ipamorelin Blend,2026-07-10,3.9667,atomik
Tesamorelin/Ipamorelin Blend,2026-07-11,3.9667,atomik
Tesamorelin/Ipamorelin Blend,2026-07-12,3.9667,atomik
Tesamorelin/Ipamorelin Blend,2026-07-13,3.9667,atomik
Tesamorelin/Ipamorelin Blend,2026-07-14,3.9667,atomik
Tesamorelin/Ipamorelin Blend,2026-07-15,3.9667,atomik
Tesamorelin/Ipamorelin Blend,2026-07-16,3.9667,atomik
Tesamorelin/Ipamorelin Blend,2026-07-19,3.9667,atomik
Tesamorelin/Ipamorelin Blend,2026-07-20,3.9667,atomik
Tesamorelin/Ipamorelin Blend,2026-07-23,3.9667,atomik
Tesamorelin/Ipamorelin Blend,2026-07-24,3.9667,atomik
Tesamorelin/Ipamorelin Blend,2026-07-25,3.9667,atomik
Tesamorelin/Ipamorelin Blend,2026-07-26,3.9667,atomik
Tesamorelin/Ipamorelin Blend,2026-07-27,3.9667,atomik
Tesamorelin/Ipamorelin Blend,2026-07-28,3.9667,atomik
Tesamorelin/Ipamorelin Blend,2026-07-29,3.9667,atomik
Tesamorelin/Ipamorelin Blend,2026-07-30,3.9667,atomik
Tesamorelin/Ipamorelin Blend,2026-07-31,3.9667,atomik
Tesamorelin/Ipamorelin Blend,2026-08-01,3.9667,atomik
Tesamorelin/Ipamorelin Blend,2026-08-02,3.9667,atomik
Tesamorelin/Ipamorelin Blend,2026-08-03,3.9667,atomik
Tesamorelin/Ipamorelin Blend,2026-08-04,3.9667,atomik
Tesamorelin/Ipamorelin Blend,2026-08-05,3.9667,atomik
Tesamorelin/Ipamorelin Blend,2026-08-06,3.9667,atomik
Tesamorelin/Ipamorelin Blend,2026-08-07,3.9667,atomik
Tesamorelin/Ipamorelin Blend,2026-08-08,3.9667,atomik
Tesamorelin/Ipamorelin Blend,2026-08-09,3.9667,atomik
Tesamorelin/Ipamorelin Blend,2026-08-10,3.9667,atomik
Tesamorelin/Ipamorelin Blend,2026-08-11,3.9667,atomik
Tesamorelin/Ipamorelin Blend,2026-08-12,3.9667,atomik
Tesamorelin/Ipamorelin Blend,2026-08-13,3.9667,atomik
Tesamorelin/Ipamorelin Blend,2026-09-07,3.9667,atomik
Tesamorelin/Ipamorelin Blend,2026-09-08,3.9667,atomik
Tesamorelin/Ipamorelin Blend,2026-09-11,3.9667,atomik
Tesamorelin/Ipamorelin Blend,2026-09-12,3.9667,atomik
Tesamorelin/Ipamorelin Blend,2026-09-13,3.9667,atomik
Tesamorelin/Ipamorelin Blend,2026-09-14,3.9667,atomik
Tesamorelin/Ipamorelin Blend,2026-09-15,3.9667,atomik
Tesamorelin/Ipamorelin Blend,2026-09-16,3.9667,atomik
Tesamorelin/Ipamorelin Blend,2026-09-17,3.9667,atomik
Tesamorelin/Ipamorelin Blend,2026-09-18,3.9667,atomik
Tesamorelin/Ipamorelin Blend,2026-09-19,3.9667,atomik
Tesamorelin/Ipamorelin Blend,2026-09-20,3.9667,atomik
Tesamorelin/Ipamorelin Blend,2026-09-21,3.9667,atomik
Tesamorelin/Ipamorelin Blend,2026-09-22,3.9667,atomik
Tesamorelin/Ipamorelin Blend,2026-09-23,3.9667,atomik
Tesamorelin/Ipamorelin Blend,2026-09-24,3.9667,atomik
Tesofensine,2026-06-02,10.7991,milehigh
Tesofensine,2026-06-03,4.5892,fusion
Tesofensine,2026-06-05,2.295,fusion
Tesofensine,2026-06-08,2.295,fusion
Tesofensine,2026-06-09,2.295,fusion
Tesofensine,2026-06-10,9.0941,fusion
Tesofensine,2026-06-11,9.0941,fusion
Tesofensine,2026-06-12,8.066,swisschems
Tesofensine,2026-06-15,8.066,swisschems
Tesofensine,2026-06-16,5.74,glowaminos
Tesofensine,2026-06-17,5.74,glowaminos
Tesofensine,2026-06-18,5.74,glowaminos
Tesofensine,2026-06-19,5.74,glowaminos
Tesofensine,2026-06-20,5.74,glowaminos
Tesofensine,2026-06-21,5.74,glowaminos
Tesofensine,2026-06-22,5.74,glowaminos
Tesofensine,2026-06-23,5.74,glowaminos
Tesofensine,2026-06-24,5.74,glowaminos
Tesofensine,2026-06-25,5.74,glowaminos
Tesofensine,2026-06-26,5.74,glowaminos
Tesofensine,2026-07-06,5.74,glowaminos
Tesofensine,2026-07-09,5.74,glowaminos
Tesofensine,2026-07-10,5.74,glowaminos
Tesofensine,2026-07-11,5.74,glowaminos
Tesofensine,2026-07-12,5.74,glowaminos
Tesofensine,2026-07-13,5.74,glowaminos
Tesofensine,2026-07-14,5.74,glowaminos
Tesofensine,2026-07-15,5.74,glowaminos
Tesofensine,2026-07-16,5.74,glowaminos
Tesofensine,2026-07-19,5.74,glowaminos
Tesofensine,2026-07-20,5.74,glowaminos
Tesofensine,2026-07-23,5.74,glowaminos
Tesofensine,2026-07-24,5.74,glowaminos
Tesofensine,2026-07-25,5.74,glowaminos
Tesofensine,2026-07-26,5.74,glowaminos
Tesofensine,2026-07-27,5.74,glowaminos
Tesofensine,2026-07-28,5.74,glowaminos
Tesofensine,2026-07-29,5.74,glowaminos
Tesofensine,2026-07-30,5.74,glowaminos
Tesofensine,2026-07-31,5.74,glowaminos
Tesofensine,2026-08-01,5.74,glowaminos
Tesofensine,2026-08-02,5.74,glowaminos
Tesofensine,2026-08-03,5.74,glowaminos
Tesofensine,2026-08-04,5.74,glowaminos
Tesofensine,2026-08-05,4.018,glowaminos
Tesofensine,2026-08-06,4.018,glowaminos
Tesofensine,2026-08-07,4.018,glowaminos
Tesofensine,2026-08-08,4.018,glowaminos
Tesofensine,2026-08-09,4.018,glowaminos
Tesofensine,2026-08-10,4.018,glowaminos
Tesofensine,2026-08-11,4.018,glowaminos
Tesofensine,2026-08-12,4.018,glowaminos
Tesofensine,2026-08-13,4.018,glowaminos
Tesofensine,2026-09-07,4.018,glowaminos
Tesofensine,2026-09-08,4.018,glowaminos
Tesofensine,2026-09-11,4.018,glowaminos
Tesofensine,2026-09-12,4.018,glowaminos
Tesofensine,2026-09-13,4.018,glowaminos
Tesofensine,2026-09-14,4.018,glowaminos
Tesofensine,2026-09-15,2.9918,fusion
Tesofensine,2026-09-16,2.9918,fusion
Tesofensine,2026-09-17,2.9918,fusion
Tesofensine,2026-09-18,2.9918,fusion
Tesofensine,2026-09-19,2.9918,fusion
Tesofensine,2026-09-20,2.9918,fusion
Tesofensine,2026-09-21,2.9918,fusion
Tesofensine,2026-09-22,2.9918,fusion
Tesofensine,2026-09-23,2.9918,fusion
Tesofensine,2026-09-24,2.9918,fusion
Testagen,2026-06-02,2.6995,lapeptides
Testagen,2026-06-03,2.6995,lapeptides
Testagen,2026-06-05,2.6995,lapeptides
Testagen,2026-06-08,2.6995,lapeptides
Testagen,2026-06-09,2.6995,lapeptides
Testagen,2026-06-10,2.6995,lapeptides
Testagen,2026-06-11,2.6995,lapeptides
Testagen,2026-06-12,3.5995,milehigh
Testagen,2026-06-15,3.5995,milehigh
Testagen,2026-06-16,3.5995,milehigh
Testagen,2026-06-17,3.5995,milehigh
Testagen,2026-06-18,3.5995,milehigh
Testagen,2026-06-19,3.5995,milehigh
Testagen,2026-06-20,3.5995,milehigh
Testagen,2026-06-21,3.5995,milehigh
Testagen,2026-06-22,3.5995,milehigh
Testagen,2026-06-23,3.5995,milehigh
Testagen,2026-06-24,3.5995,milehigh
Testagen,2026-06-25,3.5995,milehigh
Testagen,2026-06-26,3.5995,milehigh
Testagen,2026-07-06,3.5995,milehigh
Testagen,2026-07-09,3.1496,milehigh
Testagen,2026-07-10,3.1496,milehigh
Testagen,2026-07-11,3.1496,milehigh
Testagen,2026-07-12,3.1496,milehigh
Testagen,2026-07-13,3.1496,milehigh
Testagen,2026-07-14,3.1496,milehigh
Testagen,2026-07-15,3.1496,milehigh
Testagen,2026-07-16,3.1496,milehigh
Testagen,2026-07-19,3.1496,milehigh
Testagen,2026-07-20,3.1496,milehigh
Testagen,2026-07-23,3.1496,milehigh
Testagen,2026-07-24,3.1496,milehigh
Testagen,2026-07-25,3.1496,milehigh
Testagen,2026-07-26,3.1496,milehigh
Testagen,2026-07-27,3.1496,milehigh
Testagen,2026-07-28,3.1496,milehigh
Testagen,2026-07-29,3.1496,milehigh
Testagen,2026-07-30,3.1496,milehigh
Testagen,2026-07-31,3.1496,milehigh
Testagen,2026-08-01,3.1496,milehigh
Testagen,2026-08-02,3.1496,milehigh
Testagen,2026-08-03,3.1496,milehigh
Testagen,2026-08-04,3.1496,milehigh
Testagen,2026-08-05,3.1496,milehigh
Testagen,2026-08-06,3.1496,milehigh
Testagen,2026-08-07,3.1496,milehigh
Testagen,2026-08-08,3.1496,milehigh
Testagen,2026-08-09,3.1496,milehigh
Testagen,2026-08-10,3.1496,milehigh
Testagen,2026-08-11,3.1496,milehigh
Testagen,2026-08-12,3.1496,milehigh
Testagen,2026-08-13,3.1496,milehigh
Testagen,2026-09-07,3.1496,milehigh
Testagen,2026-09-08,3.1496,milehigh
Testagen,2026-09-11,2.275,atomik
Testagen,2026-09-12,2.275,atomik
Testagen,2026-09-13,2.275,atomik
Testagen,2026-09-14,2.275,atomik
Testagen,2026-09-15,2.275,atomik
Testagen,2026-09-16,2.275,atomik
Testagen,2026-09-17,2.275,atomik
Testagen,2026-09-18,2.275,atomik
Testagen,2026-09-19,2.275,atomik
Testagen,2026-09-20,2.275,atomik
Testagen,2026-09-21,2.275,atomik
Testagen,2026-09-22,2.275,atomik
Testagen,2026-09-23,2.275,atomik
Testagen,2026-09-24,2.275,atomik
Thymalin,2026-06-02,5.015,ion
Thymalin,2026-06-03,4.5892,fusion
Thymalin,2026-06-05,2.295,fusion
Thymalin,2026-06-08,2.295,fusion
Thymalin,2026-06-09,2.295,fusion
Thymalin,2026-06-10,2.6101,fusion
Thymalin,2026-06-11,2.6101,fusion
Thymalin,2026-06-12,2.6101,fusion
Thymalin,2026-06-15,2.6101,fusion
Thymalin,2026-06-16,2.6101,fusion
Thymalin,2026-06-17,2.6101,fusion
Thymalin,2026-06-18,2.6101,fusion
Thymalin,2026-06-19,2.6101,fusion
Thymalin,2026-06-20,2.6101,fusion
Thymalin,2026-06-21,2.6101,fusion
Thymalin,2026-06-22,2.6101,fusion
Thymalin,2026-06-23,2.6101,fusion
Thymalin,2026-06-24,2.428,fusion
Thymalin,2026-06-25,2.428,fusion
Thymalin,2026-06-26,2.428,fusion
Thymalin,2026-07-06,2.428,fusion
Thymalin,2026-07-09,2.428,fusion
Thymalin,2026-07-10,2.428,fusion
Thymalin,2026-07-11,2.428,fusion
Thymalin,2026-07-12,2.428,fusion
Thymalin,2026-07-13,2.428,fusion
Thymalin,2026-07-14,2.428,fusion
Thymalin,2026-07-15,2.428,fusion
Thymalin,2026-07-16,2.428,fusion
Thymalin,2026-07-19,2.428,fusion
Thymalin,2026-07-20,5.015,ion
Thymalin,2026-07-23,5.015,ion
Thymalin,2026-07-24,5.015,ion
Thymalin,2026-07-25,5.015,ion
Thymalin,2026-07-26,5.015,ion
Thymalin,2026-07-27,5.015,ion
Thymalin,2026-07-28,2.6101,fusion
Thymalin,2026-07-29,2.428,fusion
Thymalin,2026-07-30,2.6101,fusion
Thymalin,2026-07-31,2.6101,fusion
Thymalin,2026-08-01,2.6101,fusion
Thymalin,2026-08-02,2.6101,fusion
Thymalin,2026-08-03,2.6101,fusion
Thymalin,2026-08-04,2.6101,fusion
Thymalin,2026-08-05,2.6101,fusion
Thymalin,2026-08-06,2.6101,fusion
Thymalin,2026-08-07,2.6101,fusion
Thymalin,2026-08-08,2.6101,fusion
Thymalin,2026-08-09,2.6101,fusion
Thymalin,2026-08-10,2.6101,fusion
Thymalin,2026-08-11,2.6101,fusion
Thymalin,2026-08-12,2.6101,fusion
Thymalin,2026-08-13,2.6101,fusion
Thymalin,2026-09-07,2.6101,fusion
Thymalin,2026-09-08,2.6101,fusion
Thymalin,2026-09-11,2.6101,fusion
Thymalin,2026-09-12,2.6101,fusion
Thymalin,2026-09-13,2.6101,fusion
Thymalin,2026-09-14,2.6101,fusion
Thymalin,2026-09-15,2.6101,fusion
Thymalin,2026-09-16,2.6101,fusion
Thymalin,2026-09-17,2.6101,fusion
Thymalin,2026-09-18,2.6101,fusion
Thymalin,2026-09-19,2.6101,fusion
Thymalin,2026-09-20,2.6101,fusion
Thymalin,2026-09-21,2.6101,fusion
Thymalin,2026-09-22,2.6101,fusion
Thymalin,2026-09-23,2.6101,fusion
Thymalin,2026-09-24,2.6101,fusion
Thymosin Alpha-1,2026-06-02,5.22,ezpeptides
Thymosin Alpha-1,2026-06-03,5.22,ezpeptides
Thymosin Alpha-1,2026-06-05,3.4417,fusion
Thymosin Alpha-1,2026-06-08,3.4417,fusion
Thymosin Alpha-1,2026-06-09,3.4417,fusion
Thymosin Alpha-1,2026-06-10,4.5,ascension
Thymosin Alpha-1,2026-06-11,4.5,ascension
Thymosin Alpha-1,2026-06-12,4.5,ascension
Thymosin Alpha-1,2026-06-15,4.5,ascension
Thymosin Alpha-1,2026-06-16,4.5,ascension
Thymosin Alpha-1,2026-06-17,4.5,ascension
Thymosin Alpha-1,2026-06-18,4.5,ascension
Thymosin Alpha-1,2026-06-19,4.5,ascension
Thymosin Alpha-1,2026-06-20,4.5,ascension
Thymosin Alpha-1,2026-06-21,4.5,ascension
Thymosin Alpha-1,2026-06-22,4.5,ascension
Thymosin Alpha-1,2026-06-23,4.5,ascension
Thymosin Alpha-1,2026-06-24,3.9,ascension
Thymosin Alpha-1,2026-06-25,3.9,ascension
Thymosin Alpha-1,2026-06-26,3.9,ascension
Thymosin Alpha-1,2026-07-06,3.9,ascension
Thymosin Alpha-1,2026-07-09,3.55,ascension
Thymosin Alpha-1,2026-07-10,3.55,ascension
Thymosin Alpha-1,2026-07-11,3.55,ascension
Thymosin Alpha-1,2026-07-12,3.55,ascension
Thymosin Alpha-1,2026-07-13,3.55,ascension
Thymosin Alpha-1,2026-07-14,3.55,ascension
Thymosin Alpha-1,2026-07-15,3.55,ascension
Thymosin Alpha-1,2026-07-16,3.55,ascension
Thymosin Alpha-1,2026-07-19,3.55,ascension
Thymosin Alpha-1,2026-07-20,3.55,ascension
Thymosin Alpha-1,2026-07-23,3.55,ascension
Thymosin Alpha-1,2026-07-24,3.55,ascension
Thymosin Alpha-1,2026-07-25,3.55,ascension
Thymosin Alpha-1,2026-07-26,3.55,ascension
Thymosin Alpha-1,2026-07-27,3.55,ascension
Thymosin Alpha-1,2026-07-28,3.55,ascension
Thymosin Alpha-1,2026-07-29,3.4842,fusion
Thymosin Alpha-1,2026-07-30,3.55,ascension
Thymosin Alpha-1,2026-07-31,3.55,ascension
Thymosin Alpha-1,2026-08-01,3.55,ascension
Thymosin Alpha-1,2026-08-02,3.55,ascension
Thymosin Alpha-1,2026-08-03,3.55,ascension
Thymosin Alpha-1,2026-08-04,3.55,ascension
Thymosin Alpha-1,2026-08-05,3.55,ascension
Thymosin Alpha-1,2026-08-06,3.55,ascension
Thymosin Alpha-1,2026-08-07,3.55,ascension
Thymosin Alpha-1,2026-08-08,3.55,ascension
Thymosin Alpha-1,2026-08-09,3.55,ascension
Thymosin Alpha-1,2026-08-10,3.55,ascension
Thymosin Alpha-1,2026-08-11,3.55,ascension
Thymosin Alpha-1,2026-08-12,3.55,ascension
Thymosin Alpha-1,2026-08-13,3.55,ascension
Thymosin Alpha-1,2026-09-07,3.55,ascension
Thymosin Alpha-1,2026-09-08,3.55,ascension
Thymosin Alpha-1,2026-09-11,3.55,ascension
Thymosin Alpha-1,2026-09-12,3.55,ascension
Thymosin Alpha-1,2026-09-13,3.55,ascension
Thymosin Alpha-1,2026-09-14,3.55,ascension
Thymosin Alpha-1,2026-09-15,3.55,ascension
Thymosin Alpha-1,2026-09-16,3.55,ascension
Thymosin Alpha-1,2026-09-17,3.55,ascension
Thymosin Alpha-1,2026-09-18,3.55,ascension
Thymosin Alpha-1,2026-09-19,3.55,ascension
Thymosin Alpha-1,2026-09-20,3.55,ascension
Thymosin Alpha-1,2026-09-21,3.55,ascension
Thymosin Alpha-1,2026-09-22,3.55,ascension
Thymosin Alpha-1,2026-09-23,3.55,ascension
Thymosin Alpha-1,2026-09-24,3.55,ascension
Tirzepatide,2026-06-01,2.28,ezpeptides
Tirzepatide,2026-06-02,2.28,ezpeptides
Tirzepatide,2026-06-03,2.28,ezpeptides
Tirzepatide,2026-06-05,2.28,ezpeptides
Tirzepatide,2026-06-08,2.28,ezpeptides
Tirzepatide,2026-06-09,2.28,ezpeptides
Tirzepatide,2026-06-10,1.4992,puratek
Tirzepatide,2026-06-11,1.4992,puratek
Tirzepatide,2026-06-12,1.4992,puratek
Tirzepatide,2026-06-15,1.4992,puratek
Tirzepatide,2026-06-16,1.4992,puratek
Tirzepatide,2026-06-17,1.4992,puratek
Tirzepatide,2026-06-18,1.4992,puratek
Tirzepatide,2026-06-19,1.4992,puratek
Tirzepatide,2026-06-20,1.4992,puratek
Tirzepatide,2026-06-21,1.4992,puratek
Tirzepatide,2026-06-22,1.4992,puratek
Tirzepatide,2026-06-23,1.4992,puratek
Tirzepatide,2026-06-24,1.4992,puratek
Tirzepatide,2026-06-25,1.4992,puratek
Tirzepatide,2026-06-26,1.4992,puratek
Tirzepatide,2026-07-06,1.4992,puratek
Tirzepatide,2026-07-09,0.6658,puratek
Tirzepatide,2026-07-10,0.6658,puratek
Tirzepatide,2026-07-11,0.6658,puratek
Tirzepatide,2026-07-12,0.6658,puratek
Tirzepatide,2026-07-13,0.6658,puratek
Tirzepatide,2026-07-14,0.6658,puratek
Tirzepatide,2026-07-15,0.6658,puratek
Tirzepatide,2026-07-16,0.6658,puratek
Tirzepatide,2026-07-19,0.6658,puratek
Tirzepatide,2026-07-20,0.6658,puratek
Tirzepatide,2026-07-23,0.6658,puratek
Tirzepatide,2026-07-24,0.6658,puratek
Tirzepatide,2026-07-25,0.6658,puratek
Tirzepatide,2026-07-26,0.6658,puratek
Tirzepatide,2026-07-27,0.6658,puratek
Tirzepatide,2026-07-28,0.6658,puratek
Tirzepatide,2026-07-29,0.6658,puratek
Tirzepatide,2026-07-30,1.3883,solas
Tirzepatide,2026-07-31,1.3883,solas
Tirzepatide,2026-08-01,1.4992,puratek
Tirzepatide,2026-08-02,1.4992,puratek
Tirzepatide,2026-08-03,1.4992,puratek
Tirzepatide,2026-08-04,1.4992,puratek
Tirzepatide,2026-08-05,1.4992,puratek
Tirzepatide,2026-08-06,1.4992,puratek
Tirzepatide,2026-08-07,1.4992,puratek
Tirzepatide,2026-08-08,1.4992,puratek
Tirzepatide,2026-08-09,1.4992,puratek
Tirzepatide,2026-08-10,1.4992,puratek
Tirzepatide,2026-08-11,1.4992,puratek
Tirzepatide,2026-08-12,1.4992,puratek
Tirzepatide,2026-08-13,1.4992,puratek
Tirzepatide,2026-09-07,1.4992,puratek
Tirzepatide,2026-09-08,1.4992,puratek
Tirzepatide,2026-09-11,1.4992,puratek
Tirzepatide,2026-09-12,1.4992,puratek
Tirzepatide,2026-09-13,1.4992,puratek
Tirzepatide,2026-09-14,1.4992,puratek
Tirzepatide,2026-09-15,1.4992,puratek
Tirzepatide,2026-09-16,1.4992,puratek
Tirzepatide,2026-09-17,1.4992,puratek
Tirzepatide,2026-09-18,1.4992,puratek
Tirzepatide,2026-09-19,1.4992,puratek
Tirzepatide,2026-09-20,1.4992,puratek
Tirzepatide,2026-09-21,1.4992,puratek
Tirzepatide,2026-09-22,1.4992,puratek
Tirzepatide,2026-09-23,1.4992,puratek
Tirzepatide,2026-09-24,1.4992,puratek
VIP,2026-06-02,3.145,puratek
VIP,2026-06-03,3.145,puratek
VIP,2026-06-05,2.0825,fusion
VIP,2026-06-08,2.0825,fusion
VIP,2026-06-09,2.0825,fusion
VIP,2026-06-10,3.145,puratek
VIP,2026-06-11,3.145,puratek
VIP,2026-06-12,3.145,puratek
VIP,2026-06-15,3.145,puratek
VIP,2026-06-16,3.145,puratek
VIP,2026-06-17,3.145,puratek
VIP,2026-06-18,3.145,puratek
VIP,2026-06-19,3.145,puratek
VIP,2026-06-20,3.145,puratek
VIP,2026-06-21,3.145,puratek
VIP,2026-06-22,3.145,puratek
VIP,2026-06-23,3.145,puratek
VIP,2026-06-24,5.22,ezpeptides
VIP,2026-06-25,5.22,ezpeptides
VIP,2026-06-26,5.22,ezpeptides
VIP,2026-07-06,5.22,ezpeptides
VIP,2026-07-09,5.22,ezpeptides
VIP,2026-07-10,5.22,ezpeptides
VIP,2026-07-11,5.22,ezpeptides
VIP,2026-07-12,5.22,ezpeptides
VIP,2026-07-13,5.22,ezpeptides
VIP,2026-07-14,5.22,ezpeptides
VIP,2026-07-15,5.22,ezpeptides
VIP,2026-07-16,5.22,ezpeptides
VIP,2026-07-19,5.22,ezpeptides
VIP,2026-07-20,5.22,ezpeptides
VIP,2026-07-23,5.22,ezpeptides
VIP,2026-07-24,5.22,ezpeptides
VIP,2026-07-25,5.22,ezpeptides
VIP,2026-07-26,5.22,ezpeptides
VIP,2026-07-27,5.22,ezpeptides
VIP,2026-07-28,5.22,ezpeptides
VIP,2026-07-29,5.22,ezpeptides
VIP,2026-07-30,5.22,ezpeptides
VIP,2026-07-31,5.22,ezpeptides
VIP,2026-08-01,5.22,ezpeptides
VIP,2026-08-02,5.22,ezpeptides
VIP,2026-08-03,5.22,ezpeptides
VIP,2026-08-04,5.22,ezpeptides
VIP,2026-08-05,4.9,glowaminos
VIP,2026-08-06,4.9,glowaminos
VIP,2026-08-07,4.9,glowaminos
VIP,2026-08-08,4.9,glowaminos
VIP,2026-08-09,4.9,glowaminos
VIP,2026-08-10,4.9,glowaminos
VIP,2026-08-11,4.9,glowaminos
VIP,2026-08-12,4.9,glowaminos
VIP,2026-08-13,4.9,glowaminos
VIP,2026-09-07,4.9,glowaminos
VIP,2026-09-08,4.9,glowaminos
VIP,2026-09-11,4.0,ascension
VIP,2026-09-12,4.0,ascension
VIP,2026-09-13,4.0,ascension
VIP,2026-09-14,4.0,ascension
VIP,2026-09-15,4.0,ascension
VIP,2026-09-16,4.0,ascension
VIP,2026-09-17,4.0,ascension
VIP,2026-09-18,4.0,ascension
VIP,2026-09-19,4.0,ascension
VIP,2026-09-20,4.0,ascension
VIP,2026-09-21,4.0,ascension
VIP,2026-09-22,4.0,ascension
VIP,2026-09-23,4.0,ascension
VIP,2026-09-24,4.0,ascension
Vesugen,2026-06-02,2.6995,lapeptides
Vesugen,2026-06-03,2.6995,lapeptides
Vesugen,2026-06-05,2.6995,lapeptides
Vesugen,2026-06-08,2.6995,lapeptides
Vesugen,2026-06-09,2.6995,lapeptides
Vesugen,2026-06-10,2.6995,lapeptides
Vesugen,2026-06-11,2.6995,lapeptides
Vesugen,2026-06-12,5.3991,lapeptides
Vesugen,2026-06-15,5.3991,lapeptides
Vesugen,2026-06-16,5.3991,lapeptides
Vesugen,2026-06-17,5.3991,lapeptides
Vesugen,2026-06-18,5.3991,lapeptides
Vesugen,2026-06-19,5.3991,lapeptides
Vesugen,2026-06-20,5.3991,lapeptides
Vesugen,2026-06-21,5.3991,lapeptides
Vesugen,2026-06-22,5.3991,lapeptides
Vesugen,2026-06-23,5.3991,lapeptides
Vesugen,2026-06-24,5.3991,lapeptides
Vesugen,2026-06-25,5.3991,lapeptides
Vesugen,2026-06-26,5.3991,lapeptides
Vesugen,2026-07-06,5.3991,lapeptides
Vesugen,2026-07-09,5.3991,lapeptides
Vesugen,2026-07-10,5.3991,lapeptides
Vesugen,2026-07-11,5.3991,lapeptides
Vesugen,2026-07-12,5.3991,lapeptides
Vesugen,2026-07-13,5.3991,lapeptides
Vesugen,2026-07-14,5.3991,lapeptides
Vesugen,2026-07-15,5.3991,lapeptides
Vesugen,2026-07-16,5.3991,lapeptides
Vesugen,2026-07-19,5.3991,lapeptides
Vesugen,2026-07-20,5.3991,lapeptides
Vesugen,2026-07-23,5.3991,lapeptides
Vesugen,2026-07-24,5.3991,lapeptides
Vesugen,2026-07-25,5.3991,lapeptides
Vesugen,2026-07-26,5.3991,lapeptides
Vesugen,2026-07-27,5.3991,lapeptides
Vesugen,2026-07-28,5.3991,lapeptides
Vesugen,2026-07-29,5.3991,lapeptides
Vesugen,2026-07-30,5.3991,lapeptides
Vesugen,2026-07-31,5.3991,lapeptides
Vesugen,2026-08-01,5.3991,lapeptides
Vesugen,2026-08-02,5.3991,lapeptides
Vesugen,2026-08-03,5.3991,lapeptides
Vesugen,2026-08-04,5.3991,lapeptides
Vesugen,2026-08-05,5.3991,lapeptides
Vesugen,2026-08-06,5.3991,lapeptides
Vesugen,2026-08-07,5.3991,lapeptides
Vesugen,2026-08-08,5.3991,lapeptides
Vesugen,2026-08-09,5.3991,lapeptides
Vesugen,2026-08-10,5.3991,lapeptides
Vesugen,2026-08-11,5.3991,lapeptides
Vesugen,2026-08-12,5.3991,lapeptides
Vesugen,2026-08-13,5.3991,lapeptides
Vesugen,2026-09-07,5.3991,lapeptides
Vesugen,2026-09-08,5.3991,lapeptides
Vesugen,2026-09-11,5.3991,lapeptides
Vesugen,2026-09-12,5.3991,lapeptides
Vesugen,2026-09-13,5.3991,lapeptides
Vesugen,2026-09-14,5.3991,lapeptides
Vesugen,2026-09-15,5.3991,lapeptides
Vesugen,2026-09-16,5.3991,lapeptides
Vesugen,2026-09-17,5.3991,lapeptides
Vesugen,2026-09-18,5.3991,lapeptides
Vesugen,2026-09-19,5.3991,lapeptides
Vesugen,2026-09-20,5.3991,lapeptides
Vesugen,2026-09-21,5.3991,lapeptides
Vesugen,2026-09-22,5.3991,lapeptides
Vesugen,2026-09-23,5.3991,lapeptides
Vesugen,2026-09-24,5.3991,lapeptides
Vilon,2026-06-02,2.6995,lapeptides
Vilon,2026-06-03,2.6995,lapeptides
Vilon,2026-06-05,2.6995,lapeptides
Vilon,2026-06-08,2.6995,lapeptides
Vilon,2026-06-09,2.6995,lapeptides
Vilon,2026-06-10,2.6995,lapeptides
Vilon,2026-06-11,2.6995,lapeptides
Vilon,2026-06-12,5.3991,lapeptides
Vilon,2026-06-15,5.3991,lapeptides
Vilon,2026-06-16,5.3991,lapeptides
Vilon,2026-06-17,5.3991,lapeptides
Vilon,2026-06-18,5.3991,lapeptides
Vilon,2026-06-19,5.3991,lapeptides
Vilon,2026-06-20,5.3991,lapeptides
Vilon,2026-06-21,5.3991,lapeptides
Vilon,2026-06-22,5.3991,lapeptides
Vilon,2026-06-23,5.3991,lapeptides
Vilon,2026-06-24,5.3991,lapeptides
Vilon,2026-06-25,5.3991,lapeptides
Vilon,2026-06-26,5.3991,lapeptides
Vilon,2026-07-06,5.3991,lapeptides
Vilon,2026-07-09,5.3991,lapeptides
Vilon,2026-07-10,5.3991,lapeptides
Vilon,2026-07-11,5.3991,lapeptides
Vilon,2026-07-12,5.3991,lapeptides
Vilon,2026-07-13,5.3991,lapeptides
Vilon,2026-07-14,5.3991,lapeptides
Vilon,2026-07-15,5.3991,lapeptides
Vilon,2026-07-16,5.3991,lapeptides
Vilon,2026-07-19,5.3991,lapeptides
Vilon,2026-07-20,5.3991,lapeptides
Vilon,2026-07-23,5.3991,lapeptides
Vilon,2026-07-24,5.3991,lapeptides
Vilon,2026-07-25,5.3991,lapeptides
Vilon,2026-07-26,5.3991,lapeptides
Vilon,2026-07-27,5.3991,lapeptides
Vilon,2026-07-28,3.1446,fusion
Vilon,2026-07-29,3.1446,fusion
Vilon,2026-07-30,3.1446,fusion
Vilon,2026-07-31,3.1446,fusion
Vilon,2026-08-01,3.1446,fusion
Vilon,2026-08-02,3.1446,fusion
Vilon,2026-08-03,3.1446,fusion
Vilon,2026-08-04,3.1446,fusion
Vilon,2026-08-05,3.1446,fusion
Vilon,2026-08-06,3.1446,fusion
Vilon,2026-08-07,3.1446,fusion
Vilon,2026-08-08,3.1446,fusion
Vilon,2026-08-09,3.1446,fusion
Vilon,2026-08-10,3.1446,fusion
Vilon,2026-08-11,3.1446,fusion
Vilon,2026-08-12,3.1446,fusion
Vilon,2026-08-13,3.1446,fusion
Vilon,2026-09-07,3.1446,fusion
Vilon,2026-09-08,3.1446,fusion
Vilon,2026-09-11,2.1,atomik
Vilon,2026-09-12,2.1,atomik
Vilon,2026-09-13,2.1,atomik
Vilon,2026-09-14,2.1,atomik
Vilon,2026-09-15,2.1,atomik
Vilon,2026-09-16,2.1,atomik
Vilon,2026-09-17,2.1,atomik
Vilon,2026-09-18,2.1,atomik
Vilon,2026-09-19,2.1,atomik
Vilon,2026-09-20,2.1,atomik
Vilon,2026-09-21,2.1,atomik
Vilon,2026-09-22,2.1,atomik
Vilon,2026-09-23,2.1,atomik
Vilon,2026-09-24,2.1,atomik
Vitamin B12,2026-06-10,2.465,ion
Vitamin B12,2026-06-11,2.465,ion
Vitamin B12,2026-06-12,2.125,hydro
Vitamin B12,2026-06-15,2.125,hydro
Vitamin B12,2026-06-16,2.125,hydro
Vitamin B12,2026-06-17,2.125,hydro
Vitamin B12,2026-06-18,2.125,hydro
Vitamin B12,2026-06-19,2.125,hydro
Vitamin B12,2026-06-20,2.125,hydro
Vitamin B12,2026-06-21,2.125,hydro
Vitamin B12,2026-06-22,2.125,hydro
Vitamin B12,2026-06-23,2.125,hydro
Vitamin B12,2026-06-24,2.975,ion
Vitamin B12,2026-06-25,2.975,ion
Vitamin B12,2026-06-26,2.975,ion
Vitamin B12,2026-07-06,2.975,ion
Vitamin B12,2026-07-09,2.975,ion
Vitamin B12,2026-07-10,2.975,ion
Vitamin B12,2026-07-11,2.975,ion
Vitamin B12,2026-07-12,2.975,ion
Vitamin B12,2026-07-13,2.975,ion
Vitamin B12,2026-07-14,2.975,ion
Vitamin B12,2026-07-15,2.975,ion
Vitamin B12,2026-07-16,2.975,ion
Vitamin B12,2026-07-19,2.975,ion
Vitamin B12,2026-07-20,2.975,ion
Vitamin B12,2026-07-23,2.975,ion
Vitamin B12,2026-07-24,2.975,ion
Vitamin B12,2026-07-25,2.975,ion
Vitamin B12,2026-07-26,2.975,ion
Vitamin B12,2026-07-27,2.975,ion
Vitamin B12,2026-07-28,2.975,ion
Vitamin B12,2026-07-29,2.975,ion
Vitamin B12,2026-07-30,2.975,ion
Vitamin B12,2026-07-31,2.975,ion
Vitamin B12,2026-08-01,2.975,ion
Vitamin B12,2026-08-02,2.975,ion
Vitamin B12,2026-08-03,2.975,ion
Vitamin B12,2026-08-04,2.975,ion
Vitamin B12,2026-08-05,2.975,ion
Vitamin B12,2026-08-06,2.975,ion
Vitamin B12,2026-08-07,2.975,ion
Vitamin B12,2026-08-08,2.975,ion
Vitamin B12,2026-08-09,2.975,ion
Vitamin B12,2026-08-10,2.975,ion
Vitamin B12,2026-08-11,2.975,ion
Vitamin B12,2026-08-12,2.975,ion
Vitamin B12,2026-08-13,2.975,ion
Vitamin B12,2026-09-07,2.975,ion
Vitamin B12,2026-09-08,2.975,ion
Vitamin B12,2026-09-11,2.975,ion
Vitamin B12,2026-09-12,2.975,ion
Vitamin B12,2026-09-13,2.975,ion
Vitamin B12,2026-09-14,2.975,ion
Vitamin B12,2026-09-15,2.975,ion
Vitamin B12,2026-09-16,2.975,ion
Vitamin B12,2026-09-17,2.975,ion
Vitamin B12,2026-09-18,2.975,ion
Vitamin B12,2026-09-19,2.975,ion
Vitamin B12,2026-09-20,2.975,ion
Vitamin B12,2026-09-21,2.975,ion
Vitamin B12,2026-09-22,2.975,ion
Vitamin B12,2026-09-23,2.975,ion
Vitamin B12,2026-09-24,2.975,ion
